/*
 Navicat Premium Data Transfer

 Source Server         : localhost
 Source Server Type    : MySQL
 Source Server Version : 50542
 Source Host           : localhost
 Source Database       : university

 Target Server Type    : MySQL
 Target Server Version : 50542
 File Encoding         : utf-8

 Date: 08/10/2016 13:22:04 PM
*/

SET NAMES utf8mb4;
SET FOREIGN_KEY_CHECKS = 0;

-- ----------------------------
--  Table structure for `uni__campus_faculty`
-- ----------------------------
DROP TABLE IF EXISTS `uni__campus_faculty`;
CREATE TABLE `uni__campus_faculty` (
	`ID` int(11) DEFAULT NULL,
	`Cam_ID` int(11) DEFAULT NULL,
	`Uni_Faculty_Name` varchar(255) CHARACTER SET utf8 COLLATE utf8_turkish_ci DEFAULT NULL
) ENGINE=`InnoDB` DEFAULT CHARACTER SET utf8 COLLATE utf8_turkish_ci ROW_FORMAT=COMPACT COMMENT='' CHECKSUM=0 DELAY_KEY_WRITE=0;

-- ----------------------------
--  Records of `uni__campus_faculty`
-- ----------------------------
BEGIN;
INSERT INTO `uni__campus_faculty` VALUES ('1', '1', 'Mimarlık Fakültesi'), ('2', '1', 'Fen Edebiyat Fakültesi'), ('3', '1', 'İktisadi ve İdari Bilimler Fakültesi'), ('4', '1', 'Eğitim Fakültesi'), ('5', '1', 'Mühendislik Fakültesi'), ('6', '1', 'Yabancı Diller Yüksekokulu'), ('7', '1', 'Enstitüler'), ('8', '1', 'Rektörlüğe Bağlı Bölümler'), ('9', '1', 'Meslek Yüksekokulu'), ('10', '2', 'İktisadi ve İdari Bilimler Fakültesi'), ('11', '2', 'Mühendislik Fakültesi'), ('12', '2', 'Eğitim Fakültesi'), ('13', '3', 'Edebiyat Fakültesi'), ('14', '3', 'Eğitim Fakültesi'), ('15', '3', 'Fen Fakültesi'), ('16', '3', 'Güzel Sanatlar Fakültesi'), ('17', '3', 'Hukuk Fakültesi'), ('18', '3', 'İktisadi ve İdari Bilimler Fakültesi'), ('19', '3', 'İletişim Fakültesi'), ('20', '3', 'Mühendislik Fakültesi'), ('21', '4', 'Diş Hekimliği Fakültesi'), ('22', '4', 'Eczacılık Fakültesi'), ('23', '4', ''), ('24', '4', 'Sağlık Bilimleri Fakültesi'), ('25', '4', 'Tıp Fakültesi'), ('26', '4', 'Spor Bilimleri Fakültesi'), ('27', '5', 'Hacettepe Üniversitesi Ankara Devlet Konservatuvarı'), ('28', '6', 'Teknik Bilimler Meslek Yüksekokulu'), ('29', '7', 'Devlet Konservatuarı'), ('30', '8', 'Çapa Tıp Fakültesi'), ('31', '8', 'Dişhekimliği Fakültesi'), ('32', '9', 'Mühendislik Fakültesi'), ('33', '9', 'Veteriner Fakültesi'), ('34', '9', 'İşletme Fakültesi'), ('35', '9', 'Ulaştırma ve Lojistik Meslek Yüksekokulu'), ('36', '9', 'Beden Eğitimi ve Spor Meslek Yüksekokulu'), ('37', '9', 'Teknik Bilimler Meslek Yüksekokulu'), ('38', '9', 'Veteriner Fakültesi Meslek Yüksekokulu'), ('39', '10', 'Orman Fakültesi'), ('40', '10', 'Ormancılık Meslek Yüksekokulu'), ('41', '11', 'Edebiyat Fakültesi'), ('42', '11', 'Fen Fakültesi'), ('43', '11', 'Su Ürünleri Fakültesi'), ('44', '12', 'Hukuk Fakültesi'), ('45', '12', 'İktisat Fakültesi'), ('46', '12', 'Siyasal Bilgiler Fakültesi'), ('47', '12', 'Eczacılık Fakültesi'), ('48', '12', 'İletişim Fakültesi'), ('49', '12', 'Hasan Ali Yücel Eğitim Fakültesi'), ('50', '12', 'Açık ve Uzaktan Eğitim Fakültesi'), ('51', '12', 'Sosyal Bilimler Meslek Yüksekokulu'), ('52', '12', 'Adalet Meslek Yüksekokulu'), ('53', '12', 'Yabancı Diller Bölümü'), ('54', '13', 'Elmadağ Meslek Yüksekokulu'), ('55', '14', 'Ziraat Fakültesi'), ('56', '15', 'GAMA Meslek Yüksekokulu'), ('57', '15', 'Sağlık Bilimleri Meslek Yüksekokulu'), ('58', '16', 'Haymana Meslek Yüksekokulu'), ('59', '17', 'Hukuk Fakültesi'), ('60', '17', 'Hepatoloji Enstitüsü'), ('61', '18', 'Yabncı Diller Yüksekokulu'), ('62', '19', 'Gazi Üniversitesi Tıp Fakültesi'), ('63', '19', 'İlahiyat Fakültesi'), ('64', '19', 'Siyasal Bilgiler Fakültesi'), ('65', '19', 'Hukuk Fakültesi'), ('66', '19', 'Fen Fakültesi'), ('67', '19', 'Mühendislik Fakültesi'), ('68', '19', 'Eczacılık Fakültesi'), ('69', '20', 'Mühendislik Fakültesi'), ('70', '20', 'Temel Bilimler Fakültesi'), ('71', '20', 'Mimarlık Fakültesi'), ('72', '21', 'Eğitim Fakültesi'), ('73', '21', 'Fen Fakültesi'), ('74', '21', 'Güzel Sanatlar, Tasarım ve Mimarlık Fakültesi'), ('75', '21', 'İktisadi, İdari ve Sosyal Bilimler Fakültesi'), ('76', '21', 'İnsani Bilimler ve Edebiyat Fakültesi'), ('77', '21', 'İşletme Fakültesi'), ('78', '21', 'Hukuk Fakültesi'), ('79', '21', 'Mühendislik Fakültesi'), ('80', '21', 'Müzik ve Sahne Sanatları Fakültesi'), ('81', '22', 'Eczacılık Fakültesi'), ('82', '22', 'Edebiyat Fakültesi'), ('83', '22', 'Fen Fakültesi'), ('84', '22', 'Gazi Eğitim Fakültesi'), ('85', '22', 'Teknik Eğitim Fakültesi'), ('86', '22', 'Teknoloji Fakültesi'), ('87', '22', 'Enstitüler'), ('88', '22', 'Spor Bilimleri Fakültesi'), ('89', '23', 'Hukuk Fakültesi'), ('90', '23', 'İktisadi ve İdari Bilimler Fakültesi'), ('91', '23', 'Sosyal Bilimler Enstitüsü'), ('92', '23', 'Mesleki Eğitim Fakültesi'), ('93', '23', 'Bankacılık ve Sigortacılık Yüksekokulu'), ('94', '23', 'Polatlı Sosyal Bilimler Meslek Yüksekokulu'), ('95', '23', 'Ankara Meslek Yüksekokulu'), ('96', '24', 'Diş Hekimliği Fakültesi'), ('97', '24', 'İletişim Fakültesi'), ('98', '24', 'Sağlık Bilimleri Enstitüsü'), ('99', '24', 'Mesleki Eğitim Fakültesi'), ('100', '24', 'Güzel Sanatlar Enstitüsü'), ('101', '25', 'Ensdüstriyel Sanatlar Eğitim Fakültesi'), ('102', '25', 'Sanat ve Tasarım Fakültesi'), ('103', '25', 'Güzel Sanatlar Fakültesi'), ('104', '25', 'Ticaret ve Turizm Eğitim Fakültesi'), ('105', '25', 'Turizm Fakültesi'), ('106', '25', 'Yabancı Diller Yüksekokulu'), ('107', '25', 'Sağlık Hizmetleri Meslek Yüksekokulu'), ('108', '26', 'Atatürk Meslek Yüksekokulu'), ('109', '26', 'Gazi Meslek Yüksekokulu'), ('110', '27', 'Ostim Meslek Yüksekokulu'), ('111', '28', 'Polatlı Fen Edebiyat Fakültesi'), ('112', '28', 'Polatlı Teknik Bilimler Meslek Yüksekokulu'), ('113', '29', 'Mühendislik Fakültesi'), ('114', '29', 'Mimarlık Fakültesi'), ('115', '30', 'Bilgisayar ve Bilişim Fakültesi'), ('116', '30', 'Elektrik-Elektronik Fakültesi'), ('117', '30', 'Gemi İnşaatı ve Deniz Bilimleri Fakültesi'), ('118', '30', 'İnşaat Fakültesi'), ('119', '30', 'Kimya-Metalürji Fakültesi'), ('120', '30', 'Maden Fakültesi'), ('121', '30', 'Uçak ve Uzay Bilimleri Fakültesi'), ('122', '30', 'Beden Eğitimi Bölümü'), ('123', '31', 'Makina Fakültesi'), ('124', '31', 'Tekstil Teknolojileri ve Tasarımı Fakültesi'), ('125', '32', 'Mimarlık Fakültesi'), ('126', '32', 'Güzel Sanatlar Bölümü'), ('127', '33', 'İşletme Fakültesi'), ('128', '33', 'Yabancı Diller Yüksekokulu'), ('129', '33', 'Türk Musikisi Devlet Konservatuarı'), ('130', '34', 'Denizcilik Fakültesi'), ('131', '36', 'Diş Hekimliği Fakültesi'), ('132', '36', 'Eczacılık Fakültesi'), ('133', '36', 'Edebiyat Fakültesi'), ('134', '36', 'Eğitim Fakültesi'), ('135', '36', 'Güzel Sanatlar, Tasarım ve Mimarlık Fakültesi'), ('136', '36', 'Fen Fakültesi'), ('137', '36', 'Hemşirelik Fakültesi'), ('138', '36', 'İktisadi ve İdari Bilimler Fakültesi'), ('139', '36', 'İletişim Fakültesi'), ('140', '36', 'Mühendislik Fakültesi'), ('141', '36', 'Sağlık Bilimleri Fakültesi'), ('142', '36', 'Spor Bilimleri Fakültesi'), ('143', '36', 'Su Ürünleri Fakültesi'), ('144', '36', 'Tıp Fakültesi'), ('145', '36', 'Ziraat Fakültesi'), ('146', '37', 'Koç Universitesi Hastanesi'), ('147', '38', 'İşletme Enstitüsü'), ('148', '39', 'İktisadi ve İdari Bilimler Fakültesi'), ('149', '39', 'İnsani Bilimler ve Edebiyat Fakültesi'), ('150', '39', 'Hukuk Fakültesi'), ('151', '39', 'Fen Fakültesi'), ('152', '39', 'Mühendislik Fakültesi'), ('153', '39', 'Tıp Fakültesi'), ('154', '39', 'Hemşirelik Fakültesi'), ('155', '40', 'Mühendislik ve Doğal Bilimleri Fakültesi'), ('156', '40', 'Sanat ve Sosyal Bilimler Fakültesi'), ('157', '40', 'Yönetim Bilimleri Fakültesi'), ('158', '41', 'Açıköğretim Fakültesi'), ('159', '41', 'Diş Hekimliği Fakültesi'), ('160', '41', 'Eczacılık Fakültesi'), ('161', '41', 'Edebiyat Fakültesi'), ('162', '41', 'Fen Fakültesi'), ('163', '41', 'Güzel Sanatlar Fakültesi'), ('164', '41', 'Hukuk Fakültesi'), ('165', '41', 'İktisadi ve İdari Bilimler Fakültesi'), ('166', '41', 'İlahiyat Fakültesi'), ('167', '41', 'İletişim Fakültesi'), ('168', '41', 'Kazım Karabekir Eğitim Fakültesi'), ('169', '41', 'Mimarlık ve Tasarım Fakültesi'), ('170', '41', 'Mühendislik Fakültesi'), ('171', '41', 'Oltu Beşeri ve Sosyal Bilimler Fakültesi'), ('172', '41', 'Oltu Yer Bilimleri Fakültesi'), ('173', '41', 'Sağlık Bilimleri Fakültesi'), ('174', '41', 'Spor Bilimleri Fakültesi'), ('175', '41', 'Su Ürünleri Fakültesi'), ('176', '41', 'Tıp Fakültesi'), ('177', '41', 'Turizm Fakültesi'), ('178', '41', 'Veteriner Fakültesi'), ('179', '41', 'Ziraat Fakültesi'), ('180', '42', 'Tomarza Mustafa Akıncıoğlu Meslek Yüksekokulu'), ('181', '43', 'Seyrani Ziraat Fakültesi'), ('182', '44', 'Diş Hekimliği Fakültesi'), ('183', '44', 'Eczacılık Fakültesi'), ('184', '44', 'Edebiyat Fakültesi'), ('185', '44', 'Eğitim Fakültesi'), ('186', '44', 'Fen Fakültesi'), ('187', '44', 'Güzel Sanatlar Fakültesi'), ('188', '44', 'Havacılık ve Uzay Bilimleri Fakültesi'), ('189', '44', 'Hukuk Fakültesi'), ('190', '44', 'İktisadi Ve İdari Bilimler Fakültesi'), ('191', '44', 'İlahiyat Fakültesi'), ('192', '44', 'İletişim Fakültesi'), ('193', '44', 'Mimarlık Fakültesi'), ('194', '44', 'Mühendislik Fakültesi'), ('195', '44', 'Sağlık Bilimleri Fakültesi'), ('196', '44', 'Tıp Fakültesi'), ('197', '44', 'Turizm Fakültesi'), ('198', '44', 'Veteriner Fakültesi'), ('199', '45', 'Mühendislik Fakültesi'), ('200', '45', 'İktisadi ve İdari Bilimler Fakültesi'), ('201', '45', 'Fen Edebiyat Fakültesi'), ('202', '45', 'Yabancı Diller Yüksekokulu'), ('203', '45', 'Eğitim Fakültesi'), ('204', '47', 'Çevre Bilimleri Enstitüsü'), ('205', '47', 'Uygulamalı Bilimler Yüksekokulu'), ('206', '48', 'Deprem Mühendisliği Anabilim Dalı'), ('207', '48', 'Jeodezi Anabilim Dalı'), ('208', '48', 'Jeofizik Anabilim Dalı'), ('209', '50', 'Diş Hekimliği Fakültesi'), ('210', '50', 'Edebiyat Fakültesi'), ('211', '50', 'Fen Fakültesi'), ('212', '50', 'Güzel Sanatlar Fakültesi'), ('213', '50', 'Hukuk Fakültesi'), ('214', '50', 'İktisadi ve İdari Bilimler Fakültesi'), ('215', '50', 'İletişim Fakültesi'), ('216', '50', 'Mesleki Eğitim Fakültesi'), ('217', '50', 'Mühendsilk Fakültesi'), ('218', '50', 'Mimarlık Fakültesi'), ('219', '50', 'Sağlık Bilimleri Fakültesi'), ('220', '50', 'Tıp Fakültesi'), ('221', '50', 'Teknik Eğitim Fakültesi'), ('222', '50', 'Veteriner Fakültesi'), ('223', '50', 'Ziraat Fakültesi'), ('224', '50', 'Sanat ve Tasarım Fakültesi'), ('225', '50', 'Teknoloji Fakültesi'), ('226', '50', 'Turizm Fakültesi'), ('227', '51', 'Tıp Fakültesi'), ('228', '51', 'Diş Hekimliği Fakültesi'), ('229', '51', 'Gastroenteroloji Enstitüsü ve Nörolojik Bilimler Enstitüsü'), ('230', '52', 'Orta Doğu Araştırmaları Enstitüsü'), ('231', '53', 'Güzel Sanatlar Fakültesi'), ('232', '54', 'İletişim Fakültesi'), ('233', '54', ' Sağlık Hizmetleri Meslek Yüksekokulu'), ('234', '55', 'Siyasal Bilgiler Fakültesi'), ('235', '55', 'Spor Bilimleri Fakültesi'), ('236', '55', 'Sosyal Bilimler Meslek Yüksekokulu'), ('237', '57', 'Sağlık Bilimleri Fakültesi'), ('238', '58', 'İlâhiyat Fakültesi'), ('239', '59', 'İşletme Fakültesi'), ('240', '60', 'Adalet Meslek Yüksekokulu'), ('241', '60', 'Eczacılık Fakültesi'), ('242', '60', ' Hukuk Fakültesi'), ('243', '61', 'Atatürk Eğitim Fakültesi'), ('244', '61', 'Fen-Edebiyat Fakültesi'), ('245', '61', 'Mühendislik Fakültesi'), ('246', '61', 'İktisat Fakültesi'), ('247', '61', 'Teknik Eğitim Fakültesi'), ('248', '61', 'Teknoloji Fakültesi'), ('249', '61', 'Bankacılık ve Sigortacılık Yüksekokulu'), ('250', '61', 'Takı Teknolojisi ve Tasarımı Yüksekokulu'), ('251', '61', 'Yabancı Diller Yüksekokulu'), ('252', '61', 'Teknik Bilimler Meslek Yüksekokulu'), ('253', '62', 'Mimarlık Fakültesi'), ('254', '63', 'Tıp Fakültesi'), ('255', '63', 'Fizik Tedavi ve Rehabilitasyon Yüksekokulu'), ('256', '63', 'Hemşirelik Yüksekokulu'), ('257', '63', 'Sağlık Hizmetleri Meslek Yüksekokulu'), ('258', '64', 'Mühendislik Fakültesi'), ('259', '64', 'Fen Bilimleri Enstitüsü'), ('260', '65', 'İktisadi  ve İdari Bilimler Fakültesi'), ('261', '65', 'Hukuk Fakültesi'), ('262', '65', 'Adalet Yüksekokulu'), ('263', '65', 'Buca Eğitim Fakültesi'), ('264', '65', 'İzmir Meslek Yüksekokulu'), ('265', '66', 'Fen Edebiyat Fakültesi'), ('266', '66', 'İşletme Fakültesi'), ('267', '66', 'Mühendislik Fakültesi'), ('268', '67', 'İlahiyat Fakültesi'), ('269', '68', 'Güzel Sanatlar Fakültesi'), ('270', '68', 'Devlet Konservatuvarı'), ('271', '69', 'Torbalı Meslek Yüksekokulu'), ('272', '70', 'Deniz Bilimleri ve Teknoloji Enstitüsü'), ('273', '71', 'Deniz İşletmeciliği ve Yönetimi Yüksekokulu'), ('274', '72', 'Yıldız Teknik Üniversitesi Meslek Yüksekokulu'), ('275', '73', 'Kimya-Metalurji Fakültesi'), ('276', '73', 'Fen Edebiyat Fakültesi'), ('277', '73', 'Yabancı Diller Meslek Yüksekokulu'), ('278', '73', 'İnşaat Fakültesi'), ('279', '73', 'Elektrik Elektronik Fakültesi'), ('280', '73', 'Eğitim Fakültesi'), ('281', '73', 'Sanat ve Tasarım Fakültesi'), ('282', '74', 'Makine Fakültesi'), ('283', '74', 'Mimarlık Fakültesi'), ('284', '74', 'İktisadi ve İdari Bilimler Fakültesi'), ('285', '74', 'Gemi İnşaatı ve Denizcilik Fakültesi'), ('286', '75', 'Diş Hekimliği Fakültesi'), ('287', '75', 'Fen-Edebiyat Fakültesi'), ('288', '75', 'Eğitim Fakültesi'), ('289', '75', 'Güzel Sanatlar Fakültesi'), ('290', '75', 'İktisadi ve İdari Bilimler Fakültesi'), ('291', '75', 'İlahiyat Fakültesi'), ('292', '75', 'Mühendislik- Mimarlık Fakültesi'), ('293', '75', 'Su Ürünleri Fakültesi'), ('294', '75', 'Tıp Fakültesi'), ('295', '75', 'Ziraat Fakültesi'), ('296', '75', 'Kozan İşletme Fakültesi'), ('297', '75', 'İletişim Fakültesi'), ('298', '75', 'Eczacılık Fakültesi'), ('299', '75', 'Ceyhan Veteriner Fakültesi'), ('300', '75', 'Sağlık Bilimleri Fakültesi'), ('301', '76', 'Fen Fakültesi'), ('302', '76', 'Mühendislik Fakültesi'), ('303', '76', 'Mimarlık Fakültesi'), ('304', '76', 'Yabancı Diller Yüksekokulu'), ('1000', '20', 'İşletme Fakültesi'), ('500', '35', 'Fen Edebiyat Fakültesi');
COMMIT;

-- ----------------------------
--  Table structure for `uni_campus`
-- ----------------------------
DROP TABLE IF EXISTS `uni_campus`;
CREATE TABLE `uni_campus` (
	`ID` int(11) NOT NULL AUTO_INCREMENT,
	`Uni_ID` int(11) DEFAULT NULL,
	`Uni_Camp_Name` varchar(255) CHARACTER SET utf8 COLLATE utf8_turkish_ci DEFAULT NULL,
	`Uni_Latitude` varchar(10) CHARACTER SET utf8 COLLATE utf8_turkish_ci DEFAULT NULL,
	`Uni_Longitude` varchar(10) CHARACTER SET utf8 COLLATE utf8_turkish_ci DEFAULT NULL,
	INDEX `ID` (`ID`) comment ''
) ENGINE=`InnoDB` AUTO_INCREMENT=77 DEFAULT CHARACTER SET utf8 COLLATE utf8_turkish_ci ROW_FORMAT=COMPACT COMMENT='' CHECKSUM=0 DELAY_KEY_WRITE=0;

-- ----------------------------
--  Records of `uni_campus`
-- ----------------------------
BEGIN;
INSERT INTO `uni_campus` VALUES ('1', '1', 'Merkez', '39.8928644', '32.7767529'), ('2', '1', 'Kuzey Kıbrıs Kampüsü', '35.249087', '33.0218873'), ('3', '2', 'Beytepe Yerleşkesi', '39.8670825', '32.7347342'), ('4', '2', 'Sıhhiye Yerleşkesi', '39.9323701', '32.8635863'), ('5', '2', 'Beşevler Yerleşkesi', '39.9334891', '32.8254672'), ('6', '3', 'Büyükçekmece Yerleşkesi', '41.048235', '28.4219713'), ('7', '3', 'Kadıköy Yerleşkesi', '40.987486', '29.0638553'), ('8', '3', 'Çapa Yerleşkesi', '41.017144', '28.9324513'), ('9', '3', 'Avcılar Yerleşkesi', '40.9875805', '28.7249416'), ('10', '3', 'Bahçeköy Yerleşkesi', '41.1770736', '28.9901218'), ('12', '3', 'Beyazıt Yerleşkesi(Merkez)', '41.0132682', '28.9624142'), ('13', '4', 'Elmadağ Kampüsü', '39.9633805', '32.8608291'), ('14', '4', 'Dışkapı Kampüsü', '39.962826', '32.8609079'), ('15', '4', 'Keçiören Yerleşkesi', '39.9567268', '32.8608018'), ('16', '4', 'Haymana Yerleşkesi', '39.929379', '32.8577799'), ('17', '4', 'Cebeci Kampüsü', '39.9278978', '32.8710883'), ('18', '4', 'Gölbaşı Kampüsü', '39.7807316', '32.817795'), ('19', '4', 'Tandoğan Yerleşkesi (Merkez)', '39.934876', '32.8311283'), ('20', '5', 'Merkez', '40.8091138', '29.3629334'), ('21', '6', 'Merkez', '29.3629334', '32.7454075'), ('22', '7', 'Merkez Yerleşkesi', '39.942758', '32.8229505'), ('23', '7', 'Beşevler Yerleşkesi', '39.9407703', '32.816555'), ('24', '7', 'Emek Yerleşkesi', '39.942758', '32.8229505'), ('25', '7', 'Gölbaşı Yerleşkesi', '39.7803421', '32.809817'), ('26', '7', 'Çubuk Yerleşkesi', '40.230877', '33.03823'), ('27', '7', 'Ostim Yerleşkesi', '39.982414', '32.7441003'), ('28', '7', 'Polatlı Yerleşkesi', '39.6008846', '32.1418468'), ('29', '7', 'Maltepe Yerleşkesi', '39.9318278', '32.842654'), ('30', '8', 'Ayazağa Yerleşkesi', '41.1055941', '29.0231514'), ('31', '8', 'Gümüşsuyu Yerleşkesi', '41.0373532', '28.9898428'), ('32', '8', 'Taşkışla Yerleşkesi', '41.04082', '28.989798'), ('33', '8', 'Maçka Yerleşkesi', '41.0445791', '28.995173'), ('34', '8', 'Tuzla Yerleşkesi', '40.814028', '29.292748'), ('35', '9', 'Rektörlük', '38.461893', '27.2216455'), ('36', '9', 'Bornava Yerleşkesi (Merkez)', '38.4577378', '27.2273305'), ('37', '10', 'Koç Üniversitesi Hastanesi', '41.0237173', '28.9176111'), ('38', '10', 'İstinye Kampüsü', '41.1338245', '29.0529152'), ('39', '10', 'Rumelifeneri Kampüsü', '41.2053081', '29.0706799'), ('40', '11', 'Merkez Kampüsü', '40.890243', '29.3752883'), ('41', '12', 'Atatürk Üniversitesi Kampüsü', '39.9014536', '41.2483693'), ('42', '13', 'Tomarza Yerleşkesi', '38.4579923', '35.8096499'), ('43', '13', 'Seyrani Yerleşkesi', '38.3738568', '35.4620989'), ('44', '13', 'Merkez Yerleşkesi', '38.7062846', '35.5229721'), ('45', '14', 'Güney-Kuzey Kampüsü', '41.0847571', '29.0510399'), ('46', '14', 'Sarıtepe Kampüsü', '41.2407569', '29.0035296'), ('47', '14', 'Hisar Kampüsü', '41.088761', '29.0483654'), ('48', '14', 'Kandilli Kampüsü', '41.0632909', '29.0634754'), ('49', '15', 'Rektörlük', '37.8752321', '32.4918299'), ('50', '15', 'Alaaddin Keykubat Kampüsü', '38.0246795', '32.5093229'), ('51', '16', 'Başıbüyük Yerleşkesi', '40.94938', '29.137906'), ('52', '16', 'Sultanahmet Yerleşkesi', '41.0187267', '28.9523617'), ('53', '16', 'Acıbadem Yerleşkesi', '41.0070879', '29.0461132'), ('54', '16', 'Nişantaşı Yerleşkesi', '41.0523841', '28.9960836'), ('55', '16', 'Anadolu Hisarı Kampüsü', '41.0808368', '29.0665865'), ('56', '16', 'Beyazıt Yerleşkesi', '41.0074812', '28.9627456'), ('57', '16', 'Kartal Yerleşkesi', '40.9168008', '29.1763152'), ('58', '16', 'Bağlarbaşı Yerleşkesi', '41.0209125', '29.034157'), ('59', '16', 'Bahçelievler Kampüsü', '40.998883', '28.8668916'), ('60', '16', 'Haydarpaşa Kampüsü', '41.0040341', '29.0175231'), ('61', '16', 'Göztepe Yerleşkesi (Merkez)', '40.9850209', '29.0503219'), ('62', '17', 'Alsancak', '38.4341227', '27.1360615'), ('63', '17', 'Balçova', '38.4122572', '27.0102908'), ('64', '17', 'Bornova', '38.3944153', '27.0308358'), ('65', '17', 'Buca ', '38.4308451', '27.0513376'), ('72', '18', 'Ayazağa Kampüsü', '41.0904265', '29.0064717'), ('73', '18', 'Davutpaşa Yerleşkesi', '41.026258', '28.8908198'), ('74', '18', 'Yıldız Yerleşkesi', '41.0520861', '29.0084666'), ('75', '19', 'Balcalı Kampüsü', '37.059684', '35.3532253'), ('76', '20', 'Urla Yerleşkesi', '38.3214324', '26.6371841'), ('11', '3', 'Laleli Yerleşkesi', '41.01123', '28.9601377'), ('66', '17', 'Buca-Kaynaklar', '38.370839', '27.1294863'), ('67', '17', 'Hatay', '38.3937109', '27.0319713'), ('68', '17', 'Narlıdere', '38.4122572', '27.0102908'), ('69', '17', 'Torbalı', '38.412484', '27.0102907'), ('70', '17', 'İnciraltı', '38.3946191', '27.0311802'), ('71', '17', 'Urla', '38.3628242', '26.7684383');
COMMIT;

-- ----------------------------
--  Table structure for `uni_department`
-- ----------------------------
DROP TABLE IF EXISTS `uni_department`;
CREATE TABLE `uni_department` (
	`ID` int(11) NOT NULL AUTO_INCREMENT,
	`faculty_id` int(11) DEFAULT NULL,
	`department_name` varchar(255) CHARACTER SET utf8 COLLATE utf8_turkish_ci DEFAULT NULL,
	PRIMARY KEY (`ID`)
) ENGINE=`InnoDB` AUTO_INCREMENT=1612 DEFAULT CHARACTER SET utf8 COLLATE utf8_turkish_ci ROW_FORMAT=COMPACT COMMENT='' CHECKSUM=0 DELAY_KEY_WRITE=0;

-- ----------------------------
--  Records of `uni_department`
-- ----------------------------
BEGIN;
INSERT INTO `uni_department` VALUES ('1', '1', 'Mimari'), ('2', '1', 'Şehir ve Bölge Planlama'), ('3', '1', 'Endüstriyel Tasarım'), ('4', '2', 'Biyoloji Bölümü'), ('5', '2', 'Kimya Bölümü'), ('6', '2', 'Tarih Bölümü'), ('7', '2', 'Matematik Bölümü'), ('8', '2', 'Felsefe Bölümü'), ('9', '2', 'Fizik Bölümü'), ('10', '2', 'Psikoloji Bölümü'), ('11', '2', 'Sosyoloji Bölümü'), ('12', '2', 'İstatistik Bölümü'), ('13', '3', 'İktisat Bölümü'), ('14', '3', 'İşletme Bölümü'), ('15', '3', 'Siyaset Bilimi ve Kamu Yönetimi Bölümü'), ('16', '3', 'Uluslararası İlişkiler Bölümü'), ('17', '4', 'Beden Eğitimi ve Spor Bölümü '), ('18', '4', 'Bilgisayar ve Öğretim Teknolojileri Eğitimi Bölümü '), ('19', '4', 'Eğitim Bilimleri Bölümü '), ('20', '4', 'İlköğretim Bölümü '), ('21', '4', 'Ortaöğretim Fen ve Matematik Alanları Eğitimi Bölümü '), ('22', '4', 'Yabancı Diller Eğitimi Bölümü '), ('23', '5', 'Havacılık ve Uzay Mühendisliği'), ('24', '5', 'Kimya Mühendisliği'), ('25', '5', 'İnşaat Mühendisliği'), ('26', '5', 'Bilgisayar Mühendisliği'), ('27', '5', 'Elektrik ve Elektronik Mühendisliği'), ('28', '5', 'Mühendislik Birimleri Bölümü'), ('29', '5', 'Çevre Mühendisliği'), ('30', '5', 'Gıda Mühendisliği'), ('31', '5', 'Jeoloji Mühendisliği'), ('32', '5', 'Endüstri Mühendisliği'), ('33', '5', 'Makine Mühendisliği'), ('34', '5', 'Metalurji ve Malzeme Mühendisliği'), ('35', '5', 'Maden ve Petrol Mühendisliği'), ('36', '6', 'Temel İngilizce Bölümü'), ('37', '6', 'Modern Diller Bölümü'), ('38', '7', 'Uygulamalı Matematik Enstitüsü'), ('39', '7', 'Enformatik Enstitüsü'), ('40', '7', 'Deniz Bilimleri Enstitüsü'), ('41', '7', 'Fen Bilimleri Enstitüsü'), ('42', '7', 'Sosyal Bilimler Enstitüsü'), ('43', '8', 'Türk Dili Bölümü'), ('44', '8', 'Müzik ve Güzel Sanatlar Bölümü'), ('45', '9', 'Endüstriyel Otomasyon'), ('46', '9', 'Kaynak Teknolojisi'), ('47', '9', 'Gıda Teknolojisi Programları '), ('48', '9', 'Elektronik Teknolojisi Programı '), ('49', '10', 'İşletme'), ('50', '10', 'İşletme Uluslararası Ortak Lisans Programı'), ('51', '10', 'İktisat'), ('52', '10', 'Siyaset Bilimi ve Uluslararası İlişkiler'), ('53', '11', 'Bilgisayar ve Öğretim Teknolojileri Eğitimi'), ('54', '11', 'Rehberlik ve Psikolojik Danışmanlık'), ('55', '11', 'İngilizce Öğretmenliği'), ('56', '11', 'Psikoloji'), ('57', '12', 'Havacılık ve Uzay Mühendisliği'), ('58', '12', 'Bilgisayar Mühendisliği'), ('59', '12', 'Kimya Mühendisliği'), ('60', '12', 'İnşaat Mühendisliği'), ('61', '12', 'Elektrik - Elektronik Mühendisliği'), ('62', '12', 'Makina Mühendisliği'), ('63', '12', 'Petrol ve Doğalgaz Mühendisliği'), ('64', '13', 'Alman Dili ve Edebiyatı Bölümü\r\n'), ('65', '13', 'Amerikan Kültürü ve Edebiyatı Bölümü'), ('66', '13', 'Antropoloji Bölümü'), ('67', '13', 'Arkeoloji Bölümü'), ('68', '13', 'Bilgi ve Belge Yönetimi Bölümü'), ('69', '13', 'Çağdaş Türk Lehçeleri ve Edebiyatları Bölümü'), ('70', '13', 'Felsefe Bölümü'), ('71', '13', 'Fransız Dili ve Edebiyatı Bölümü'), ('72', '13', 'İngiliz Dilbilimi Bölümü'), ('73', '13', 'İngiliz Dili ve Edebiyatı Bölümü'), ('74', '13', 'Mütercim Tercümanlık Bölümü'), ('75', '13', 'Psikoloji Bölümü'), ('76', '13', 'Sanat Tarihi Bölümü'), ('77', '13', 'Sosyoloji Bölümü'), ('78', '13', 'Tarih Bölümü'), ('79', '13', 'Türk Dili ve Edebiyatı Bölümü'), ('80', '13', 'Türk Halkbilimi Bölümü\r\nEğitim Fakültesi'), ('81', '14', 'Bilgisayar ve Öğretim Teknolojileri Eğitimi Bölümü'), ('82', '14', 'İlköğretim Bölümü'), ('83', '14', 'Ortaöğretim Fen ve Matematik Alanlar Eğitimi Bölümü'), ('84', '14', 'Özel Eğitim Bölümü'), ('85', '14', 'Türkçe Eğitimi Bölümü'), ('86', '14', 'Yabancı Diller Eğitimi Bölümü'), ('87', '15', 'Aktüerya Bilimleri Bölümü'), ('88', '15', 'Biyoloji Bölümü'), ('89', '15', 'İstatistik Bölümü'), ('90', '15', 'Kimya Bölümü'), ('91', '15', 'Matematik Bölümü'), ('92', '16', 'Güzel Sanatlar Fakültesi Dekanlığı'), ('93', '16', 'Grafik Bölümü'), ('94', '16', 'Heykel Bölümü'), ('95', '16', 'İç Mimarlık ve Çevre Tasarımı Bölümü'), ('96', '16', 'Resim Bölümü'), ('97', '16', 'Seramik Bölümü'), ('98', '17', 'Hukuk Fakültesi'), ('99', '18', 'Aile ve Tüketici Bilimleri'), ('100', '18', 'İktisat Bölümü'), ('101', '18', 'İşletme Bölümü'), ('102', '18', 'Maliye Bölümü'), ('103', '18', 'Sağlık İdaresi Bölümü'), ('104', '18', 'Siyaset Bilimi ve Kamu Yönetimi Bölümü'), ('105', '18', 'Sosyal Hizmet Bölümü'), ('106', '18', 'Uluslararası İlişkiler Bölümü'), ('107', '19', 'Uluslararası İlişkiler Bölümü'), ('108', '19', 'Radyo Televizyon ve Sinema Bölümü'), ('109', '20', 'Bilgisayar Mühendisliği'), ('110', '20', 'Çevre Mühendisliği'), ('111', '20', 'Elektrik - Elektronik Mühendisliği'), ('112', '20', 'Endüstri Mühendisliği'), ('113', '20', 'Fizik Mühendisliği'), ('114', '20', 'Geomatik Mühendisliği'), ('115', '20', 'Gıda Mühendisliği'), ('116', '20', 'İnşaat Mühendisliği'), ('117', '20', 'Jeoloji Mühendisliği'), ('118', '20', 'Kimya Mühendisliği'), ('119', '20', 'Maden Mühendisliği'), ('120', '20', 'Makina Mühendisliği Bölümü'), ('121', '20', 'Nükleer Enerji Mühendisliği'), ('122', '21', 'Diş Hekimliği Fakültesi'), ('123', '22', 'Eczacılık Meslek Bilimleri Bölümü'), ('124', '22', 'Eczacılık Teknolojisi Bölümü'), ('125', '22', 'Temel Eczacılık Bilimleri Bölümü'), ('126', '23', ''), ('127', '24', 'Beslenme ve Diyetetik Bölümü'), ('128', '24', 'Çocuk Gelişimi Bölümü'), ('129', '24', 'Dil ve Konuşma Terapisi Bölümü'), ('130', '24', 'Ergoterapi Bölümü'), ('131', '24', 'Fizyoterapi ve Rehabilitasyon Bölümü'), ('132', '24', 'Odyoloji Bölümü'), ('133', '25', 'Tıp Fakültesi'), ('134', '26', 'Beden Eğitimi ve Spor Öğretmenliği Bölümü'), ('135', '26', 'Egzersiz ve Spor Bilimleri Bölümü'), ('136', '26', 'Rekreasyon Bölümü'), ('137', '27', 'Piyano Anasanat Dalı'), ('138', '27', 'Yaylı Çalgılar Anasanat Dalı'), ('139', '27', 'Komposizyon ve Orkestra Şefliği Anasanat Dalı'), ('140', '27', 'Üflemeli ve Vurmalı Çalgılar Anasanat Dalı'), ('141', '27', 'Caz Anasanat Dalı'), ('142', '27', 'Sahne Sanatları Bölümü'), ('143', '27', 'Müzik Birimleri Bölümü'), ('144', '28', 'Bilgisayar Teknolojileri'), ('145', '28', 'Elektirik ve Enerji'), ('146', '28', 'Elektronik ve Otomasyon'), ('147', '28', 'El sanatları'), ('148', '28', 'Görsel,İşitsel Teknikler ve Medya Yapımcılığı'), ('149', '28', 'Makine ve Metal Teknolojileri'), ('150', '28', 'Malzeme ve Malzeme İşleme Teknolojileri'), ('151', '28', 'Motorlu Araçlar ve Ulaştırma Teknolojileri'), ('152', '28', 'Mülkiyet Koruma ve Güvenlik'), ('153', '28', 'Tekstil,Giyim,Ayakkabı ve Deri'), ('154', '28', 'Ulaştırma Hizmetleri'), ('155', '29', 'Yaylı Çalgılar Anasanat Dalı'), ('156', '29', 'Üflemeli ve Vurmalı Çalgılar Anasanat Dalı'), ('157', '29', 'Piyano Anasanat Dalı'), ('158', '29', 'Kompozisyon ve Orkestra Şefliği Anasanat Dalı'), ('159', '29', 'Tiyatro Anasanat Dalı'), ('160', '29', 'Opera Anasanat Dalı'), ('161', '29', 'Bale Anasanat Dalı'), ('162', '30', 'Tıp Fakültesi'), ('163', '31', 'Diş Hekimliği Fakültesi'), ('164', '32', 'Bilgisayar Mühendisliği'), ('165', '32', 'Çevre Mühendisliği'), ('166', '32', 'Deniz Ulaştırma İşletme Mühendisliği'), ('167', '32', 'Elektrik-Elektronik Mühendisliği'), ('168', '32', 'Endüstri Mühendisliği'), ('169', '32', 'İnşaat Mühendisliği'), ('170', '32', 'Jeofizik Mühendisliği'), ('171', '32', 'Jeoloji Mühendisliği'), ('172', '32', 'Kimya Bölümü'), ('173', '32', 'Kimya Mühendisliği'), ('174', '32', 'Maden Mühendisliği'), ('175', '32', 'Makine Mühendisliği'), ('176', '32', 'Metalurji ve Malzeme Mühendisliği'), ('177', '32', 'Mühendislik Birimleri'), ('178', '33', 'Veteriner Hekimliği Temel Bilimler Bölümü'), ('179', '33', 'Klinik Öncesi Bilimler Bölümü'), ('180', '33', 'Klinik Bilimler Bölümü'), ('181', '33', 'Zeotekni ve Hayvan Besleme Bölümü'), ('182', '33', 'Besin/Gıda Hijyeni Bölümü'), ('183', '34', 'İşletme'), ('184', '34', 'İşletme (İngilizce)'), ('185', '35', 'Lojistik'), ('186', '36', 'Antrenörlük Eğitimi Bölümü'), ('187', '36', 'Spor Yöneticiliği Bölümü'), ('188', '36', 'Beden Eğitimi ve Spor Yönetimi Bölümü'), ('189', '37', 'Bilgisayar Programcılığı'), ('190', '37', 'Elektrik'), ('191', '37', 'İklimlendirme ve Soğutma Teknolojisi'), ('192', '37', 'Biyomedikal Cihaz Teknolojisi'), ('193', '37', 'Elektronik Haberleşme Teknolojisi'), ('194', '37', 'Elektronik Teknolojisi'), ('195', '37', 'Kontrol ve Otomasyon Teknolojisi'), ('196', '37', 'Radyo ve Televizyon Teknolojisi'), ('197', '37', 'Seramik Cam ve Çinicilik'), ('198', '37', 'Basın ve Yayın Teknolojileri'), ('199', '37', 'Makine'), ('200', '37', 'Lastik ve Plastik Teknolojileri'), ('201', '37', 'Otomotiv Teknolojisi'), ('202', '37', 'Sualtı Teknolojisi'), ('203', '37', 'Uçak Teknolojisi'), ('204', '37', 'Özel Güvenlik ve Koruma'), ('205', '37', 'Sivil Savunma ve İtfaiyecilik'), ('206', '37', 'Ayakkabı Tasarımı ve Üretimi'), ('207', '37', 'Deri Teknolojisi'), ('208', '37', 'Sivil Havacılık Kabin Hizmetleri'), ('209', '38', 'Atçılık ve Antrenörlüğü'), ('210', '38', 'Gıda Teknolojisi'), ('211', '39', 'Orman Mühendisliği'), ('212', '39', 'Orman Endüstri Mühendisliği'), ('213', '39', 'Peyzaj Mimarlığı'), ('214', '40', 'Kağıt Teknolojisi Programı'), ('215', '40', 'Mobilya ve Dekarasyon Programı'), ('216', '40', 'Sulama Teknolojisi Programı'), ('217', '40', 'Süs Bitkileri Yetiştirme Programı'), ('218', '40', 'Avcılık ve Yaban Hayatı Programı'), ('219', '40', 'Çiçek Düzenleme Programı'), ('220', '41', 'Türk Dili ve Edebiyatı'), ('221', '41', 'Tarih'), ('222', '41', 'Coğrafya'), ('223', '41', 'Doğu Dilleri ve Edebiyatı'), ('224', '41', 'Batı Dilleri ve Edebiyatı'), ('225', '41', 'Eskicağ Dilleri ve Kültürleri'), ('226', '41', 'Arkeoloji'), ('227', '41', 'Sanat Tarihi'), ('228', '41', 'Bilge ve Belge Yönetimi'), ('229', '41', 'Felsefe'), ('230', '41', 'Sosyoloji'), ('231', '41', 'Antropoloji'), ('232', '41', 'Psikoloji'), ('233', '41', 'Tiyatro Eliştirmenliği ve Dramaturji'), ('234', '41', 'Taşınabilir Kültür Varlıklarını Koruma ve Onarım'), ('235', '41', 'Çevrebilim'), ('236', '41', 'Çağdaş Türk Lehceleri ve Edebiyatları'), ('237', '41', 'Slav Dilleri ve Edebiyatları'), ('238', '41', 'Müzecilik'), ('239', '41', 'Bilim Tarihi'), ('240', '41', 'Dilbilim'), ('241', '42', 'Astronomi ve Uzay Bilimleri Bölümü'), ('242', '42', 'Biyoloji Bölümü'), ('243', '42', 'Fizik Bölümü'), ('244', '42', 'Matematik Bölümü'), ('245', '42', 'Moleküler Biyoloji ve Genetik Bölümü'), ('246', '43', 'Temel Bilimler Bölümü'), ('247', '43', 'Avlanma ve İşletme Teknolojisi Bölümü'), ('248', '43', 'Yetiştiricilik Bölümü'), ('249', '44', 'Hukuk Fakültesi'), ('250', '45', 'İngilizce İktisat Bölümü'), ('251', '45', 'İktisat Bölümü'), ('252', '45', 'Çalışma Ekonomisi ve Endüstri İlişkileri Bölümü'), ('253', '45', 'Maliye Bölümü'), ('254', '45', 'Ekonometri Bölümü'), ('255', '45', 'İşletme Bölümü'), ('256', '45', 'Turizm İşletmeciliği Bölümü'), ('257', '45', 'Siyaset Bilimi ve Uluslararası İlişkiler Bölümü'), ('258', '46', 'Siyaset Bilimi ve Uluslararası İlişkiler'), ('259', '46', 'İşletme'), ('260', '46', 'Siyaset Bilimi ve Kamu Yönetimi'), ('261', '47', 'Eczacılık'), ('262', '48', 'Gazetecilik'), ('263', '48', 'Halkla İlişkiler ve Tanıtım'), ('264', '48', 'Radyo,Televizyon ve Sinema'), ('265', '49', 'Bilgisayar ve Öğretim Teknolojileri Eğitim Bölümü'), ('266', '49', 'Eğitim Bilimleri Bölümü'), ('267', '49', 'İlköğretim Bölümü'), ('268', '49', 'Özel Eğitim Bölümü'), ('269', '49', 'Türkçe Eğitimi Bölümü'), ('270', '49', 'Yabancı Diller Eğitimi Bölümü'), ('271', '50', 'Coğrafya '), ('272', '50', 'Felsefe'), ('273', '50', 'İktisat'), ('274', '50', 'İşletme'), ('275', '50', 'Sosyoloji'), ('276', '50', 'Tarih'), ('277', '50', 'Kamu Yönetimi'), ('278', '50', 'Çalışma Ekonomosi ve Endüstri İlişkileri'), ('279', '50', 'Gazeticilik'), ('280', '50', 'Halka İlişkiler ve Tasarım'), ('281', '50', 'İktisat'), ('282', '50', 'İşletme'), ('283', '50', 'Maliye'), ('284', '50', 'Radyo TV ve Sinema'), ('285', '50', 'Bilgisayar ve Öğertim Teknolojileri Eğitimi'), ('286', '50', 'Ekonometri'), ('287', '50', 'Türk Dili ve Edebiyatı'), ('288', '51', 'Turizm ve Otel İşletmeciliği Bölümü'), ('289', '51', 'Bankacılık ve Sigortacılık Programı'), ('290', '51', 'Dış Ticaret Programı'), ('291', '51', 'Muhasebe ve Vergi Uygulamaları Programı'), ('292', '51', 'Pazarlama Programı'), ('293', '51', 'Emlak ve Emlak Yönetimi Programı'), ('294', '51', 'İşletme Yönetimi Programı'), ('295', '52', 'Adalet Meslek Yüksek Okulu'), ('296', '53', 'Hazırlık'), ('297', '53', 'Zorunlu Yabancı Dil Dersi'), ('298', '53', 'Mesleki Yabancı Dil Dersi'), ('299', '53', 'Mesleki Yabancı Dil Dersi'), ('300', '54', 'Bilgisayar Programcılığı'), ('301', '54', 'Bilgisayar Programcılığı İÖ'), ('302', '54', 'Bilgisayar Programcılığı Uzaktan Eğitim'), ('303', '54', 'Büro Yönetimi ve Asistanlığı Programı'), ('304', '54', 'Elektronik Teknolojisi Programı'), ('305', '54', 'Elektronik Teknolojisi İkinci Öğretim Programı'), ('306', '54', 'Elektronik Haberleşme Teknolojisi Programı'), ('307', '54', 'Muhasebe ve Vergi Uygulamaları Programı'), ('308', '55', 'Bahçe Bitkileri'), ('309', '55', 'Bitki Koruma'), ('310', '55', 'Peyzaj Mimarlığı'), ('311', '55', 'Su Ürünleri Mühendisliği'), ('312', '55', 'Programme of Fisheries and Aquaculture'), ('313', '55', 'Süt Teknolojisi'), ('314', '55', 'Tarım Ekonomosi'), ('315', '55', 'Tarım Makineleri ve Teknolojileri Mühendisliği'), ('316', '55', 'Tarımsal Yapılar ve Sulama'), ('317', '55', 'Tarla Bitkileri'), ('318', '55', 'Toprak Bilimi ve Bitki Beslenme '), ('319', '55', 'Zootekni'), ('320', '56', 'Elektirik ve Otomasyon Bölümü'), ('321', '56', 'Elektirik ve Enerji Bölümü'), ('322', '57', 'Ağız ve Diş Sağlığı'), ('323', '57', 'Anestezi'), ('324', '57', 'Eczane Hizmetleri'), ('325', '57', 'Odyometri'), ('326', '57', 'Ortopedik Protez ve Ortez'), ('327', '57', 'Radyoterapi'), ('328', '57', 'Tibbi Dökümantasyon ve Sekreterlik'), ('329', '57', 'Tibbi Görünteleme Teknikleri'), ('330', '57', 'Tibbi Labaratuvar Teknikleri'), ('331', '57', 'İlk ve Acil Yardım'), ('332', '58', 'Terapi ve Rehabilitasyon Bölümü'), ('333', '58', 'Sağlık ve Bakım Hizmetleri Bölümü'), ('334', '59', 'Hukuk Fakültesi'), ('335', '60', 'Temel Hepatoloji'), ('336', '61', 'Yabancı Diller Yüksekokulu'), ('337', '62', 'Gazi Tıp Fakültesi'), ('338', '63', 'İlahiyat Fakültesi'), ('339', '64', 'Çalışma Ekonomisi ve Endüstri İlişkileri'), ('340', '64', 'İktisat'), ('341', '64', 'İşletme'), ('342', '64', 'Maliye'), ('343', '64', 'Siyaset Bilimi ve Kamu Yönetimi'), ('344', '64', 'Uluslararası İlişkiler'), ('345', '65', 'Hukuk Fakültesi'), ('346', '66', 'Astronomi ve Uzay Bilimleri'), ('347', '66', 'Biyoloji'), ('348', '66', 'Fizik'), ('349', '66', 'İstatistik'), ('350', '66', 'Kimya'), ('351', '66', 'Matematik'), ('352', '67', 'Bilgisayar Mühendlisliği'), ('353', '67', 'Biyomedikal Mühendisliği'), ('354', '67', 'Elektrik-Elektronik Mühendisliği'), ('355', '67', 'Fizik  Mühendisliği'), ('356', '67', 'Gıda Mühendisliği'), ('357', '67', 'Jeofizik Mühendisliği'), ('358', '67', 'Jeoloji Mühendisliği'), ('359', '67', 'Kimya Mühendisliği'), ('360', '68', 'Eczacılık Fakültesi'), ('361', '69', 'Bilgisayar Mühendisliği'), ('362', '69', 'Biyomühendislik'), ('363', '69', 'Çevre Mühendisliği'), ('364', '69', 'Elektronik Mühendisliği '), ('365', '69', 'Jeodezi ve Fotogrametri Mühendisliği'), ('366', '69', 'Kimya Mühendisliği'), ('367', '69', 'Makine Mühendisliği'), ('368', '69', 'Malzeme Bilimi ve Mühendisliği'), ('369', '70', 'Fizik'), ('370', '70', 'Kimya'), ('371', '70', 'Matematik'), ('372', '70', 'Moleküler Biyoloji ve Genetik'), ('373', '71', 'Mimarlık'), ('374', '71', 'Şehir ve Bölge Planlama'), ('375', '1000', 'İktisat'), ('376', '1000', 'Sosyoloji'), ('377', '1000', 'Strateji Blimi   '), ('378', '72', 'Bilgisayar ve Öğretim Teknolojileri Öğretmenliği'), ('379', '72', 'Eğitim Yönetimi'), ('380', '72', 'Öğretmen Yetiştirme'), ('381', '72', 'Yabancı Dil İngilizce Öğretimi'), ('382', '73', 'Fizik'), ('383', '73', 'Kimya'), ('384', '73', 'Matematik'), ('385', '73', 'Moleküler Biyoloji ve Genetik'), ('386', '74', 'Grafik Tasarım'), ('387', '74', 'Güzel Sanatlar'), ('388', '74', 'İç Mimarlık ve Çevre Tasarımı'), ('389', '74', 'İletişim ve Tasarım'), ('390', '74', 'Kentsel Tasarım ve Peyzaj Mimarisi'), ('391', '74', 'Mimarlık'), ('392', '75', ' İktisat'), ('393', '75', 'Psikoloji '), ('394', '75', 'Siyaset Bilimi ve Kamu Yönetimi'), ('395', '75', 'Tarih'), ('396', '75', 'Uluslararası İlişkiler'), ('397', '76', 'Amerikan Kültürü ve Edebiyatı'), ('398', '76', 'Arkeoloji'), ('399', '76', 'Felsefe'), ('400', '76', 'İngiliz Dili ve Edebiyatı'), ('401', '76', 'Mütercim – Tercümanlık'), ('402', '76', 'Türk Edebiyatı'), ('403', '77', 'İşletme'), ('404', '78', 'Hukuk Fakültesi'), ('405', '79', 'Bilgisayar Mühendisliği'), ('406', '79', 'Elektrik ve Elektronik Mühendisliği'), ('407', '79', 'Endüstri Mühendisliği'), ('408', '79', 'Makine Mühendisliği'), ('409', '80', 'Müzik'), ('410', '80', 'Tiyatro'), ('411', '81', 'Eczacılık Fakültesi'), ('412', '82', 'Mütercim-Tercümanlık Bölümü'), ('413', '82', 'Türk Dili ve Edebiyatı'), ('414', '82', 'Batı Dilleri ve Edebiyatı'), ('415', '82', 'Çağdaş  Türk Lehcleri ve Edebiyatları'), ('416', '82', 'Tarih'), ('417', '82', 'Sanat Tarihi'), ('418', '82', 'Felsefe'), ('419', '82', 'Arkeoloji'), ('420', '82', 'Rus Dili ve Edebiyatı'), ('421', '82', 'Türk Halk Bilimi'), ('422', '82', 'Sosyoloji'), ('423', '82', 'Psikoloji'), ('424', '83', 'Biyoloji Bölümü'), ('425', '83', 'Fizik Bölümü'), ('426', '83', 'İstatistik Bölümü'), ('427', '83', 'Kimya Bölümü'), ('428', '83', 'Matematik Bölümü'), ('429', '84', 'Bilgisayar ve Öğretim Teknolojileri Eğitimi Bölümü'), ('430', '84', 'İlköğretim Bölümü'), ('431', '84', 'Türkçe Eğitimi Bölümü'), ('432', '84', 'Yabancı Diller Eğitimi Bölümü'), ('433', '84', 'Güzel Sanatlar Eğitimi Bölümü'), ('434', '84', 'Özel Eğitim Bölümü'), ('435', '84', 'Eğitim Bilimleri Bölümü'), ('436', '84', 'Ortaöğretim Fen ve Matematik Alanları Eğitimi Bölümü'), ('437', '84', 'Ortaöğretim Sosyal Alanlar Eğitimi Bölümü'), ('438', '85', 'Elektronik ve Bilgisayar Eğitimi Bölümü'), ('439', '85', 'Elektrik Eğitimi Bölümü'), ('440', '85', 'Makina Eğitimi Bölümü'), ('441', '85', 'Matbaa Eğitimi Bölümü'), ('442', '85', 'Mobilya ve Dekarasyon Eğitimi Bölümü'), ('443', '85', 'Yapı Eğitimi Bölümü'), ('444', '85', 'Eğitim Bilimleri Bölümü'), ('445', '86', 'Ağaçişleri Endüstri Mühendisliği Bölümü'), ('446', '86', 'Bilgisayar Mühendisliği Bölümü'), ('447', '86', 'Elektrik-Elektronik Mühendisliği Bölümü'), ('448', '86', 'Endüstriyel Tasarım Mühendisliği'), ('449', '86', 'Enerji Sistemleri Mühendisliği'), ('450', '86', 'İmalat Mühendisliği Bölümü'), ('451', '86', 'İnşaat Mühendisliği Bölümü'), ('452', '86', 'Metalurji ve Malzeme  Mühendisliği'), ('453', '86', 'Otomotiv Mühendisliği Bölümü'), ('454', '87', 'Bilişim Enstitüsü'), ('455', '87', 'Eğitim Bilimleri Enstitüsü'), ('456', '87', 'Fen Bilimleri Enstitüsü'), ('457', '87', 'Kazaları Araştırma ve Önleme Enstitüsü'), ('458', '87', 'Sağlık Bilimleri Enstitüsü'), ('459', '87', 'Sosyal Bilimler Enstitüsü'), ('460', '87', 'Güzel Sanatlar Enstitüsü'), ('461', '88', 'Beden Eğitimi ve Spor Öğretmenliği Bölümü'), ('462', '88', 'Antrenörlük Eğitimi ve Spor Öğretmenliği Bölümü'), ('463', '88', 'Spor Yöneteciliği Bölümü'), ('464', '88', 'Rekreasyon Bölümü'), ('465', '89', 'Hukuk Fakültesi'), ('466', '90', 'Çalışma Ekonomisi Ve Endüstri İlişkileri Bölümü'), ('467', '90', 'Ekonometri Bölümü'), ('468', '90', 'İktisat Bölümü'), ('469', '90', 'İşletme Bölümü'), ('470', '90', 'Maliye Bölümü'), ('471', '90', 'Sağlık Yönetimi Bölümü'), ('472', '90', 'Siyaset Bilimi ve Kamu Yönetimi Bölümü'), ('473', '90', 'Uluslararası İlişkiler Bölümü'), ('474', '90', 'Uluslararası Ticaret Bölümü'), ('475', '91', 'Çalışma Ekonomosi ve Endüstri İlişkileri'), ('476', '91', 'Ekonometri'), ('477', '91', 'İktisat'), ('478', '91', 'İşletme'), ('479', '91', 'Sağlık Kurumları'), ('480', '91', 'Maliye'), ('481', '91', 'Kamu Yönetimi'), ('482', '91', 'Uluslararası İlişkiler'), ('483', '91', 'Kamu Hukuku'), ('484', '91', 'Özel Hukuk'), ('485', '91', 'Arkeoloji'), ('486', '91', 'Çağdaş Türk Lehçeleri'), ('487', '91', 'Felsefe'), ('488', '91', 'Rus Dili ve Edebiyatı'), ('489', '91', 'Sanat Tarihi'), ('490', '91', 'Tarih'), ('491', '91', 'Türk Dili ve Edebiyatı'), ('492', '91', 'Sanat Tarihi'), ('493', '91', 'Tarih'), ('494', '91', 'Türk Dili ve Edebiyatı'), ('495', '91', 'Türk Halk Bilimi'), ('496', '91', 'Sosyoloji'), ('497', '91', 'Gazetecilik'), ('498', '91', 'Halkla İlişkikler ve Tanıtım'), ('499', '91', 'Radyo TV Sinema'), ('500', '91', 'Turizm İşletmeciliği'), ('501', '91', 'Rekreasyon Yönetimi'), ('502', '91', 'Gastronomi ve Mutfak Sanatları'), ('503', '91', 'Yabancı Diller Eğitimi'), ('504', '92', 'Aile Ekonomisi ve Beslenme Eğitim Bölümü'), ('505', '92', 'Çoçuk Gelişimi Eğitim Bölümü'), ('506', '92', 'Eğitim Bilimleri Eğitimi Bölümü'), ('507', '92', 'El Sanatları Eğitim Bölümü'), ('508', '92', 'Giyim Endüstri ve Moda Tasarım Eğitimi Bölümü'), ('509', '92', 'Temel Bilimler Eğitim Bölümü'), ('510', '92', 'Uygulamalı Sanatlar Eğitim Bölümü'), ('511', '93', 'Bankacılık'), ('512', '93', 'Sigortacılık'), ('513', '94', 'Çoçuk Bakımı ve Gençlik Hizmetleri Bölümü'), ('514', '94', 'Tekstil Giyim Ayakkabı ve Deri Bölümü'), ('515', '94', 'Saç ve Güzellik Hizmetleri Bölümü'), ('516', '94', 'Görsel İşitsel Teknikler ve Medya Yapımcılığı Bölümü'), ('517', '94', 'Mimarlık ve Şehir Planlama Bölümü'), ('518', '94', 'El Sanatları'), ('519', '94', 'Tasarım'), ('520', '95', 'ATS'), ('521', '95', 'Elektrik ve Enerji'), ('522', '95', 'Elektronik ve Otomasyon'), ('523', '95', 'Kimya ve Kimyasal İşleme Teknolojileri'), ('524', '95', 'Makine ve Metal Teknolojileri'), ('525', '95', 'Malzeme ve Malzeme İşleme Teknolojileri'), ('526', '95', 'Malzeme ve Malzeme İşleme Teknolojileri Tasarım'), ('527', '96', 'Diş Hekimliği'), ('528', '97', 'Gazetecilik'), ('529', '97', 'Halka İlişkiler ve Tanıtım'), ('530', '97', 'Radyo Televizyon ve Sinema'), ('531', '98', 'Sağlık Bilimleri Enstitüsü'), ('532', '99', 'Aile Ekonomisi ve Beslenme Eğitim Bölümü'), ('533', '99', 'Çoçuk Gelişimi Eğitim Bölümü'), ('534', '99', 'Eğitim Bilimleri Eğitimi Bölümü'), ('535', '99', 'El Sanatları Eğitim Bölümü'), ('536', '99', 'Giyim Endüstri ve Moda Tasarım Eğitimi Bölümü'), ('537', '99', 'Temel Bilimler Eğitim Bölümü'), ('538', '99', 'Uygulamalı Sanatlar Eğitim Bölümü'), ('539', '100', 'Güzel Sanatlar Enstitüsü'), ('540', '101', 'Aile ve Tüketici Bilimleri Eğitimi Bölümü'), ('541', '101', 'Bilgisayar Eğitimi Bölümü'), ('542', '101', 'Eğitim Bilimleri Bölümü'), ('543', '101', 'Endüstriyel Teknolojileri Bölümü'), ('544', '101', 'İşletme Eğitmi Bölümü'), ('545', '102', 'Seramik Tasarımı'), ('546', '102', 'El Sanatları Bölümü'), ('547', '102', 'Geleneksel Türk Sanatları Bölümü'), ('548', '102', 'Grafik Tasarım Bölümü'), ('549', '102', 'Görsel Sanatlar Bölümü'), ('550', '102', 'Kuyumculuk ve Mücehver Tasarımı Bölümü'), ('551', '102', 'Moda Tasarımı Bölümü'), ('552', '102', 'Tekstil Tasarımı Bölümü'), ('553', '103', 'Resim Bölümü'), ('554', '103', 'Görsel İletişim Tasarımı Bölümü'), ('555', '103', 'Heykel Bölümü'), ('556', '103', 'Temel Sanat Bilimleri Bölümü'), ('557', '103', 'Fotoğraf ve Video Bölümü'), ('558', '103', 'Kültür Varlıklarını Koruma Ve Onarma Bölümü'), ('559', '104', 'Turizm İşletmeciliği Eğitimi'), ('560', '104', 'Muhasebe Yönetimi'), ('561', '104', 'Büro Yönetimi Eğitimi'), ('562', '104', 'İşletme Eğitimi'), ('563', '104', 'Ticaret Eğitimi'), ('564', '104', 'Bilgisayar Uygulamaları Eğitmi'), ('565', '105', 'Gastronomi ve Mutfak Sanatları'), ('566', '105', 'Rekrasyon Yönetimi'), ('567', '105', 'Seyehat İşletmeciliği ve Turizm Rehberliği'), ('568', '105', 'Turizm İşletmeciliği'), ('569', '106', 'İngilizce'), ('570', '106', 'Fransızca'), ('571', '106', 'Almanca'), ('572', '106', 'Arapça'), ('573', '106', 'Rusça\r\n\r\n'), ('574', '107', 'Ağız ve Diş Sağlığı'), ('575', '107', 'Çevre Sağlığı'), ('576', '107', 'İlk ve Acil Yardım'), ('577', '107', 'Pataloji Labaratuar Teknikleri'), ('578', '107', 'Tıbbı Tok. ve Sekreterlik'), ('579', '107', 'Tıbbi Görüntülenme Teknikleri'), ('580', '107', 'Tibbi Laboratuvar Teknikleri'), ('581', '107', 'Yaşlı Bakımı'), ('582', '108', 'Elektrik ve Enerji Bölümü'), ('583', '108', 'Kimya ve Kimyasal İşleme Teknolojileri Bölümü'), ('584', '108', 'Makine ve Metal Teknolojileri Bölümü'), ('585', '108', 'Elektirik ve Otomasyon Bölümü'), ('586', '109', 'Elektrik ve Enerji'), ('587', '109', 'Elektronik ve Otomasyon'), ('588', '109', 'Makina ve Metal Teknolojileri'), ('589', '109', 'Bilgisayar Programcılığı'), ('590', '109', 'Bilgi Yönetimi'), ('591', '109', 'İşletme Yönetimi'), ('592', '109', 'Muhasebe ve Vergi Uygulamları'), ('593', '109', 'Kontrol ve Otomasyon Teknolojisi'), ('594', '109', 'Parakende Satış ve Mağaza Yönetimi'), ('595', '109', 'Lojistik Yönetimi'), ('596', '110', 'ATS'), ('597', '110', 'Elektrik ve Enerji'), ('598', '110', 'Elektronik ve Otomasyon'), ('599', '110', 'Kimya ve Kimyasal İşleme Teknolojileri'), ('600', '110', 'Kimya ve Kimyasal İşleme Teknolojileri'), ('601', '110', 'Makine ve Metal Teknolojileri'), ('602', '110', 'Malzeme ve Malzeme İşleme Teknolojileri'), ('603', '111', 'Fizik Bölümü'), ('604', '111', 'Matematik Bölümü'), ('605', '111', 'Kimya Bölümü'), ('606', '111', 'Biyoloji Bölümü'), ('607', '111', 'Türk Dili ve Edebiyatı Bölümü'), ('608', '111', 'Tarih Bölümü'), ('609', '112', 'ATS'), ('610', '112', 'Elektrik ve Enerji'), ('611', '112', 'Elektronik ve Otomasyon'), ('612', '112', 'Kimya ve Kimyasal İşleme Teknolojileri'), ('613', '112', 'Makine ve Metal Teknolojileri'), ('614', '112', 'Malzeme ve Malzeme İşleme Teknolojileri Tasarım'), ('615', '113', 'Elektrik-Elektronik Mühendisliği Bölümü'), ('616', '113', 'Bilgisayar Mühendisliği Bölümü'), ('617', '113', 'Endüstri Mühendisliği Bölümü'), ('618', '113', 'İnşaat Mühendlisliği Bölümü'), ('619', '113', 'Kimya Mühendisliği Bölümü'), ('620', '113', 'Makina Mühendlsiği Bölümü'), ('621', '114', 'Miamarlık Bölümü'), ('622', '114', 'Şehir ve Bölge Planlama Bölümü'), ('623', '114', 'Endüstri Ürünleri Tasarımı Bölümü'), ('624', '115', 'Bilgisayar Mühendisliği Bölümü'), ('625', '116', 'Elektrik Mühendisliği'), ('626', '116', 'Kontrol ve Otomasyon Mühendisliği'), ('627', '116', 'Elektronik ve Haberleşme Mühendisliği'), ('628', '117', 'Gemi inşaatı ve Gemi Makineleri Mühendisliği'), ('629', '117', 'Gemi ve Deniz Teknolojisi Mühendisliği'), ('630', '118', 'İnşaat Mühendisliği'), ('631', '118', 'Geomatik Mühendisliği'), ('632', '118', 'Çevre Mühendisliği'), ('633', '119', 'Kimya Mühendisliği'), ('634', '119', 'Metalurji ve Malzeme Mühendisliği'), ('635', '119', 'Gıda Mühendisliği'), ('636', '120', 'Maden Mühendisliği'), ('637', '120', 'Jeoloji Mühendisliği'), ('638', '120', 'Petrol ve Doğal Gaz Mühendisliği'), ('639', '120', 'Jeofizik Mühendisliği'), ('640', '120', 'Cevher Hazırlama Mühendisliği'), ('641', '121', 'Uçak Mühendisliği'), ('642', '121', 'Uzay Mühendisliği'), ('643', '121', 'Meteoroloji Mühendisliği'), ('644', '122', 'Beden Eğitimi Bölümü'), ('645', '123', 'Makine Mühendisliği'), ('646', '123', 'İmalat Mühendisliği'), ('647', '124', 'Tekstil Mühendisliği'), ('648', '124', 'Moda Tasarımı'), ('649', '124', 'Tekstil Geliştirme ve Pazarlama'), ('650', '125', 'Mimarlık'), ('651', '125', 'Şehir ve Bölge Planlama'), ('652', '125', 'Endüstri Ürünleri Tasarımı'), ('653', '125', 'İç Mimarlık'), ('654', '125', 'Peyzaj Mimarlığı'), ('655', '126', 'Güzel Sanatlar Bölümü'), ('656', '127', 'İşletme Mühendisliği'), ('657', '127', 'Endüstri Mühendisliği'), ('658', '127', 'Ekonomi'), ('659', '128', 'Yabancı Diller Yüksekokulu'), ('660', '129', 'Türk Musikisi Devlet Konservatuvarı'), ('661', '130', 'Gemi  Makineleri İşletme Mühendisliği'), ('662', '130', 'Deniz Ulaştırma ve İşletme Mühendisliği'), ('663', '500', 'Matematik Mühendisliği'), ('664', '500', 'Fizik Mühendisliği'), ('665', '500', 'Kimya'), ('666', '500', 'Moleküler Biyoloji ve Genetik'), ('667', '131', 'Diş Hekimliği Fakültesi'), ('668', '132', 'Eczacılık Fakültesi'), ('669', '133', 'Alman Dili ve Edebiyatı'), ('670', '133', 'Amerikan Kültürü ve Edebiyatı'), ('671', '133', 'Arkeoloji'), ('672', '133', 'Coğrafya'), ('673', '133', 'Eski Çağ Dilleri ve Kültürleri'), ('674', '133', 'Felsefe'), ('675', '133', 'İngiliz Dili ve Edebiyatı'), ('676', '133', 'Mütercim - Tercümanlık'), ('677', '133', 'Psikoloji'), ('678', '133', 'Sanat Tarihi'), ('679', '133', 'Sosyoloji'), ('680', '133', 'Tariih'), ('681', '133', 'Türk Dili ve Edebiyatı'), ('682', '134', 'Bilgisayar ve Öğretim Teknolojileri Eğitimi Bölümü'), ('683', '134', 'Eğitim Bilimleri Bölümü'), ('684', '134', 'İlköğretim Bölümü'), ('685', '134', 'Güzel Sanatlar Eğitimi Bölümü'), ('686', '134', 'Türkçe Eğitimi Bölümü'), ('687', '134', 'Özel Eğitim Bölümü'), ('688', '135', 'Güzel Sanatlar, Tasarım ve Mimarlık Fakültesi'), ('689', '136', 'Astronomi ve Uzay Bilimleri Bölümü'), ('690', '136', 'Biyokimya Bölümü'), ('691', '136', 'Biyoloji Bölümü'), ('692', '136', 'Fizik Bölümü'), ('693', '136', 'İstatistik Bölümü'), ('694', '136', 'Kimya Bölümü'), ('695', '136', 'Matematik Bölümü'), ('696', '137', 'Hemşirelik Fakültesi'), ('697', '138', 'İşletme Bölümü'), ('698', '138', 'İktisat Bölümü'), ('699', '138', 'Uluslararası İlişkiler Bölümü'), ('700', '139', 'Gazetecilik Bölümü'), ('701', '139', 'Görsel İletişim Tasarımı Bölümü'), ('702', '139', 'Halkla İlişkiler ve Tanıtım Bölümü'), ('703', '139', 'Radyo-Televizyon ve Sinema Bölümü'), ('704', '139', 'Reklamcılık Bölümü'), ('705', '140', 'Bilgisayar Mühendisliği Bölümü'), ('706', '140', 'Biyomühendislik Bölümü'), ('707', '140', 'Deri Mühendisliği Bölümü'), ('708', '140', 'Elektrik-Elektronik Mühendisliği Bölümü'), ('709', '140', 'Gıda Mühendisliği Bölümü'), ('710', '140', 'İnşaat Mühendisliği Bölümü'), ('711', '140', 'Kimya Mühendisliği Bölümü'), ('712', '140', 'Makina Mühendisliği Bölümü'), ('713', '140', 'Tekstil Mühendisliği Bölümü'), ('714', '141', 'Ebelik Bölümü'), ('715', '141', 'Ebelik Bölümü'), ('716', '142', ' Spor Bilimleri Fakültesi'), ('717', '143', 'Su Ürünleri Fakültesi'), ('718', '143', 'Su Ürünleri Temel Bilimleri Bölümü'), ('719', '143', 'Su Ürünleri Yetiştiriciliği Bölümü'), ('720', '143', 'Su Ürünleri Avlama ve İşleme Teknolojisi Bölümü'), ('721', '144', 'Tıp Fakültesi'), ('722', '145', 'Bahçe Bitkileri Bölümü'), ('723', '145', 'Bitki Koruma Bölümü'), ('724', '145', 'Peyzaj Mimarlığı Bölümü'), ('725', '145', 'Süt Teknolojisi Bölümü'), ('726', '145', 'Tarla Bitkileri Bölümü'), ('727', '145', 'Tarım Ekonomisi Bölümü'), ('728', '145', 'Tarım Makinaları ve Teknolojileri Mühendisliği Bölümü'), ('729', '145', 'Tarımsal Yapılar ve Sulama Bölümü'), ('730', '145', 'Toprak Bilimi ve Bitki Besleme Bölümü'), ('731', '145', 'Zootekni Bölümü'), ('732', '146', 'Tıp Fakültesi'), ('733', '147', ''), ('734', '148', 'İşletme'), ('735', '148', 'Ekonomi'), ('736', '148', 'Uluslararası İlişkiler'), ('737', '149', 'Arkeoloji ve Sanat Tarihi'), ('738', '149', 'İngiliz Dili ve Karşılaştırmalı Edebiyatı'), ('739', '149', 'Tarih'), ('740', '149', 'Felsefe'), ('741', '149', 'Psikoloji'), ('742', '149', 'Sosyoloji'), ('743', '149', 'Medya ve Görsel Sanatlar'), ('744', '150', 'Hukuk Fakültesi'), ('745', '151', 'Kimya'), ('746', '151', 'Fizik '), ('747', '151', 'Matematik'), ('748', '151', 'Möleküler Biyoloji ve Genetik'), ('749', '152', 'Kimya ve Biyoloji Mühendisliği'), ('750', '152', 'Bilgisayar Mühendisliği'), ('751', '152', 'Elektrik ve Elektronik Mühendisliği'), ('752', '152', 'Endüstri Mühendisliği'), ('753', '152', 'Makine Mühendisliği'), ('754', '153', 'Tıp Fakültesi'), ('755', '154', 'Hemşirelik Fakültesi'), ('757', '155', 'Bilgisayar Bilimi ve Mühendisliği'), ('758', '155', 'Elektronik Mühendisliği'), ('759', '155', 'Endüstri Mühendisliği'), ('760', '155', 'Üretim Mühendisliği'), ('761', '155', 'Malzeme Bilimi ve Nanomühendislik'), ('762', '155', 'Mekatronik Mühendisliği'), ('763', '155', 'Moleküler Biyoloji, Genetik ve Biyomühendislik'), ('764', '156', 'Ekonomi'), ('765', '156', 'Görsel Sanatlar ve Görsel İletişim Tasarımı'), ('766', '156', 'Kültürel Çalışmalar'), ('767', '156', 'Toplumsal ve Siyasi Bilimler'), ('768', '157', 'Yönetim Bilimleri'), ('769', '158', 'Halkla İlişkiler ve Tanıtım(Lisans)'), ('770', '158', 'Sosyal Hizet(Lisans)'), ('771', '158', 'İşletme(Lisans)'), ('772', '158', 'Sosyoloji(Lisans)'), ('773', '158', 'Acil Durum ve Afet Yönetimi (Ön Lisans)'), ('774', '158', 'Adalet(Ön Lisans)'), ('775', '158', 'Bilgi Yönetimi (Ön Lisans)'), ('776', '158', 'Bankacılık ve Sigortacılık (Ön Lisans)'), ('777', '158', 'Bilgisayar Programcılığı (Ön Lisans)'), ('778', '158', 'Büro Yönetimi ve Yönetici Asistanlığı (Ön Lisans)'), ('779', '158', 'Çağrı Merkezi Hizmetleri (Ön Lisans)'), ('780', '158', 'Çocuk Gelişimi (Ön Lisans)'), ('781', '158', 'Dış Ticaret (Ön Lisans)'), ('782', '158', 'Emlak ve Emlak Yönetimi (Ön Lisans)'), ('783', '158', 'Halkla İlişkiler Ve Tanıtım (Ön Lisans)'), ('784', '158', 'İlahiyat (Ön Lisans)'), ('785', '158', 'İşletme Yönetimi (Ön Lisans)'), ('786', '158', 'İş Sağlığı ve Güvenliği (Ön Lisans)'), ('787', '158', 'Lojistik (Ön Lisans)'), ('788', '158', 'Reklamcılık (Ön Lisans)'), ('789', '158', 'Özek Güvenlik ve Koruma (Ön Lisans)'), ('790', '158', 'Sağlık Kurumları İşletmeciliği (Ön Lisans)'), ('791', '158', 'Sivil Hava Ulaştırma İşletmeciliği (Ön Lisans)'), ('792', '158', 'Sosyal Hizmet (Ön Lisans)'), ('793', '158', 'Tıbbi Dokümantasyon ve Sekreterlik (Ön Lisans)'), ('794', '158', 'Turizm ve Otel İşletmeciliği (Ön Lisans)'), ('795', '159', 'Klinik Diş Hekimliği'), ('796', '160', 'Eczacılık Meslek Bilimleri Bölümü(Anabilim Dalı)'), ('797', '160', 'Eczacılık Teknolojisi Bölümü'), ('798', '160', 'Temel Eczacılık Bilimleri Bölümü'), ('799', '161', 'Alman Dili ve Edebiyatı'), ('800', '161', 'Amerikan Kültürü ve Edebiyatı'), ('801', '161', 'Arap Dili ve Edebiyatı'), ('802', '161', 'Arkeoloji'), ('803', '161', 'Bilgi ve Belge Yönetimi'), ('804', '161', 'Coğrafya'), ('805', '161', 'Çağdaş Türk Lehçeleri ve Edebiyatları'), ('806', '161', 'Fars Dili ve Edebiyatı'), ('807', '161', 'Felsefe'), ('808', '161', 'Fransız Dili ve Edebiyatı'), ('809', '161', 'İngiliz Dili ve Edebiyatı'), ('810', '161', 'Psikoloji'), ('811', '161', 'Rus Dili ve Edebiyatı'), ('812', '161', 'Sanat Tarihi'), ('813', '161', 'Sosyoloji'), ('814', '161', 'Tarih'), ('815', '161', 'Türk Dili ve Edebiyatı'), ('816', '162', 'Aktüerya Bilimleri'), ('817', '162', 'Astronomi ve Astrofizik'), ('818', '162', 'Biyoloji'), ('819', '162', 'Fizik'), ('820', '162', 'Kimya'), ('821', '162', 'Matematik'), ('822', '162', 'Moleküler Biyoloji ve Genetik'), ('823', '163', 'Fotoğraf Bölümü'), ('824', '163', 'Geleneksel Türk El Sanatları'), ('825', '163', 'Grafik Bölümü'), ('826', '163', 'Heykel Bölümü'), ('827', '163', 'Müzik Bilimleri Bölümü'), ('828', '163', 'Resim Bölümü'), ('829', '163', 'Sahne Sanatları Bölümü'), ('830', '163', 'Seramik Bölümü'), ('831', '163', 'Sinema- TV Bölümü'), ('832', '163', 'Tekstil ve Moda Tasarımı'), ('833', '163', 'Temel Eğitimi Bölümü'), ('834', '164', 'Kamu Hukuku'), ('835', '164', 'Özel Hukuk Bölümü'), ('836', '165', 'Çalışma Ekonomisi ve Endüstri İlişkileri Bölümü'), ('837', '165', 'İktisat Bölümü'), ('838', '165', 'Ekonometri Bölümü'), ('839', '165', 'İşletme Bölümü'), ('840', '165', 'Kamu Yönetimi Bölümü'), ('841', '165', 'Sosyal Hizmet Bölümü'), ('842', '165', 'Uluslararası İlişkiler Bölümü'), ('843', '165', 'Uluslararası Ticaret ve Lojistik Bölümü'), ('844', '165', 'Yönetim Bilişim Sistemleri Bölümü'), ('845', '166', 'Felsefe ve Din Bilimleri Bölümü'), ('846', '166', 'İlköğretim Din Kültürü ve Ahlak Bilgisi Eğitimi Bölümü'), ('847', '166', 'İslam Tarihi ve Sanatları Bölümü'), ('848', '166', 'Temel İslam Bilimleri Bölümü'), ('849', '167', 'Gazetecilik Bölümü'), ('850', '167', 'Halkla İlişkiler ve Tanıtım Bölümü'), ('851', '167', 'Radyo-Televizyon ve Sinema Bölümü'), ('852', '168', 'Beden Eğitimi ve Spor Bölümü'), ('853', '168', 'Bilgisayar ve Öğretim Teknolojileri Eğitimi Bölümü'), ('854', '168', 'Eğitim Bilimleri Bölümü'), ('855', '168', 'Güzel Sanatlar Eğitimi Bölümü'), ('856', '168', 'İlk Öğretim Bölümü'), ('857', '168', 'Orta Öğretim Fen ve Matematik Alanları Eğitimi Bölümü'), ('858', '168', 'Orta Öğretim Sosyal Alanlar Eğitimi Bölümü'), ('859', '168', 'Özel Eğitim Bölümü'), ('860', '168', 'Türkçe Eğitimi Bölümü'), ('861', '168', 'Yabancı Diller Eğitimi Bölümü'), ('862', '169', 'İç Mimarlık Bölümü'), ('863', '169', 'Mimarlık Bölümü'), ('864', '169', 'Peyzaj Mimarlığı Bölümü'), ('865', '169', 'Şehir ve Bölge Planlama Bölümü'), ('866', '170', 'Bilgisayar Mühendisliği'), ('867', '170', 'Biyomedikal Mühendisliği'), ('868', '170', 'Çevre Mühendisliği'), ('869', '170', 'Elektrik - Elektronik Mühendisliği'), ('870', '170', 'Endüstri Mühendisliği'), ('871', '170', 'Enerji Sistemleri Mühendisliği'), ('872', '170', 'İnşaat Mühendisliği'), ('873', '170', 'Kimya Mühendisliği'), ('874', '170', 'Makine Mühendisliği'), ('875', '170', 'Mekatronik Mühendisliği'), ('876', '170', 'Metalurji ve Malzeme Mühendisliği'), ('877', '171', 'Bankacılık ve Finans Bölümü'), ('878', '171', 'İşletme'), ('879', '171', 'Maliye Bölümü'), ('880', '171', 'Sosyal Hizmet Bölümü'), ('881', '172', 'Harita Mühendisliği'), ('882', '172', 'Jeofizik Mühendisliği'), ('883', '172', 'Jeoloji Mühendisliği'), ('884', '172', 'Maden Mühendisliği'), ('885', '172', 'Petrol ve Doğal Gaz Mühendisliği'), ('886', '173', 'Beslenme ve Diyetetik'), ('887', '173', 'Çocuk Gelişimi'), ('888', '173', 'Ebelik'), ('889', '173', 'Fizyoterapi ve Rehabilitasyon'), ('890', '173', 'Hemşirelik'), ('891', '174', 'Antrenörlük Eğitimi Bölümü'), ('892', '174', 'Beden Eğitimi ve Spor Öğretmenliği Bölümü'), ('893', '174', 'Rekreasyon Bölümü'), ('894', '174', 'Spor Yöneticiliği Bölümü'), ('895', '175', 'Su Ürünleri Avlama ve İşleme Teknolojisi Bölümü'), ('896', '176', 'Cerrahi Tıp Bilimleri'), ('897', '176', 'Dahili Tıp Bilimleri'), ('898', '176', 'Temel Tıp Bilimleri'), ('899', '177', 'Gastronomi ve Mutfak Sanatları'), ('900', '177', 'Rekreasyon Yönetimi'), ('901', '177', 'Turizm İşletmeciliği'), ('902', '177', 'Turizm Rehberliği'), ('903', '178', 'Gıda Hijyeni ve Teknolojisi Bölümü'), ('904', '178', 'Klinik Bilimler Bölümü'), ('905', '178', 'Veteriner Hekimliği Temel Bilimler Bölümü'), ('906', '178', 'Zootekni ve Hayvan Besleme Bölümü'), ('907', '178', 'Klinik Öncesi Bilimler Bölümü'), ('908', '179', 'Bahçe Bitkileri Bölümü'), ('909', '179', 'Bitki Koruma Bölümü'), ('910', '179', 'Gıda Mühendisliği Bölümü'), ('911', '179', 'Tarım Ekonomisi Bölümü'), ('912', '179', 'Tarım Makinaları ve Teknolojileri Mühendisliği Bölümü'), ('913', '179', 'Tarımsal Biyoteknoloji Bölümü'), ('914', '180', 'Harita ve Kadastro Programı'), ('915', '180', 'Mimari Restorasyon Programı'), ('916', '180', 'Yapı Yalıtım Teknolojisi Programı'), ('917', '180', 'Yapı Denetim Programı'), ('918', '180', 'İnşaat Teknolojisi Programı'), ('919', '181', 'Bahçe Bitkileri'), ('920', '181', 'Bitki Koruma'), ('921', '181', 'Biyosistem Mühendisliği'), ('922', '181', 'Tarımsal Biyoteknoloji'), ('923', '181', 'Tarla Bitkileri'), ('924', '181', 'Zootekni'), ('925', '182', 'Diş Hekimliği'), ('926', '183', 'Eczacılık '), ('927', '184', 'Felsefe'), ('928', '184', 'İngiliz Dili ve Edebiyatı'), ('929', '184', 'Kafkas Dilleri ve Kültürü'), ('930', '184', 'Rus Dili ve Edebiyatı'), ('931', '184', 'Sanat Tarihi'), ('932', '184', 'Sosyoloji '), ('933', '184', 'Tarih'), ('934', '184', 'Türk Dili ve Edebiyatı'), ('935', '184', 'Türk Halk Bilimi'), ('936', '184', 'Çağdaş Türk Lehçeleri ve Edebiyatları'), ('937', '184', 'Doğu Dilleri ve Edebiyatı'), ('938', '185', 'Sınıf Öğretmenliği'), ('939', '185', 'Sosyal Bilgiler Öğretmenliği'), ('940', '185', 'Fen Bilgisi Öğretmenliği'), ('941', '185', 'İlköğretim Matematik Öğretmenliği'), ('942', '185', 'Rehberlik ve Psikolojik Danışmanlık'), ('943', '185', 'Almanca Öğretmenliği'), ('944', '185', 'İngilizce Öğretmenliği'), ('945', '186', 'Astronomi ve Uzay Bilimleri'), ('946', '186', 'Biyoloji'), ('947', '186', 'Fizik'), ('948', '186', 'Kimya '), ('949', '186', 'Matematik'), ('950', '187', 'Heykel Bölümü'), ('951', '187', 'Resim Bölümü'), ('952', '187', 'Geleneksel Türk Sanatları Bölümü'), ('953', '187', 'Görsel İletişim Tasarım Bölümü'), ('954', '187', 'Seramik ve Cam Tasarımı Bölümü'), ('955', '187', 'Temel Eğitim Bilimleri Bölümü'), ('956', '188', 'Uçak Mühendisliği'), ('957', '188', 'Uzay Mühendisliği'), ('958', '189', 'Hukuk'), ('959', '190', 'İktisat'), ('960', '190', 'İktisat(İÖ)'), ('961', '190', 'İşletme'), ('962', '190', 'İşletme(İÖ)'), ('963', '190', 'Maliye'), ('964', '190', 'Maliye(İÖ)'), ('965', '190', 'Siyaset Bilimi ve Kamu Yönetimi'), ('966', '190', 'Uluslararası İlişkiler'), ('967', '191', 'Temel İslam Bilimleri Bölümü'), ('968', '191', 'Felsefe ve Din Bilimleri Bölümü'), ('969', '191', 'İslam Tarihi ve Sanatları Bölümü'), ('970', '191', 'İlköğretim Din Kültürü Ahlak Bilgisi'), ('971', '192', 'Gazetecilik'), ('972', '192', 'Halkla İlişkiler ve Tanıtım'), ('973', '192', 'Radyo, Televizyon ve Sinema'), ('974', '193', 'Mimarlık'), ('975', '193', 'Şehir ve Bölge Planlama'), ('976', '194', 'Bilgisayar Mühendisliği'), ('977', '194', 'Biyomedikal Mühendisliği'), ('978', '194', 'Çevre Mühendisliği'), ('979', '194', 'Elektrik Elektronik Mühendisliği'), ('980', '194', 'Endüstri Mühendisliği'), ('981', '194', 'Endüstriyel Tasarım Mühendisliği'), ('982', '194', 'Enerji Sistemleri Mühendisliği'), ('983', '194', 'Gıda Mühendisliği'), ('984', '194', 'Harita Mühendisliği'), ('985', '194', 'İnşaat Mühendisliği'), ('986', '194', 'Makine Mühendisliği'), ('987', '194', 'Malzeme Bilimi ve Mühendisliği'), ('988', '194', 'Mekatronik Mühendisliği'), ('989', '194', 'Tekstil Mühendisliği'), ('990', '195', 'Beslenme ve Diyetetik'), ('991', '195', 'Ebelik'), ('992', '195', 'Hemşirelik'), ('993', '196', 'Tıp'), ('994', '197', 'Turizm İşletmeciliği'), ('995', '197', 'Turizm Rehberliği'), ('996', '197', 'Gastronomi ve Mutfak Sanatları'), ('997', '198', 'Temel Bilimler Bölümü'), ('998', '198', 'Klinik Öncesi Bilimler Bölümü'), ('999', '198', 'Klinik Bilimleri Bölümü'), ('1000', '198', 'Zootekni ve Hayvan Besleme Bölümü'), ('1001', '198', 'Gıda Hijyeni ve Teknolojisi Bölümü'), ('1002', '199', 'Bilgisayar Mühendisliği Bölümü'), ('1003', '199', 'Elektrik ve Elektronik Mühendisliği Bölümü'), ('1004', '199', 'Endüstri Mühendisliği Bölümü'), ('1005', '199', 'İnşaat Mühendisliği Bölümü'), ('1006', '199', 'Kimya Mühendisliği Bölümü'), ('1007', '199', 'Makina Mühendisliği Bölümü'), ('1008', '200', 'Ekonomi Bölümü'), ('1009', '200', 'İşletme Bölümü'), ('1010', '200', 'Siyaset Bilimi ve Uluslararası İlişkiler Bölümü'), ('1011', '201', 'Batı Dilleri ve Edebiyatları Bölümü'), ('1012', '201', 'Çeviribilim Bölümü'), ('1013', '201', 'Dilbilim Bölümü'), ('1014', '201', 'Felsefe Bölümü'), ('1015', '201', 'Fizik Bölümü'), ('1016', '201', 'Kimya Bölümü'), ('1017', '201', 'Matematik Bölümü'), ('1018', '201', 'Moleküler Biyoloji ve Genetik Bölümü'), ('1019', '201', 'Psikoloji Bölümü'), ('1020', '201', 'Sosyoloji Bölümü'), ('1021', '201', 'Tarih Bölümü'), ('1022', '201', 'Türk Dili ve Edebiyatı Bölümü'), ('1023', '202', 'İleri İngilizce Birimi'), ('1024', '202', 'İngilizce Hazırlık Birimi'), ('1025', '202', 'Modern Diller Birimi'), ('1026', '203', 'Bilgisayar ve Öğretim Teknolojileri Eğitimi Bölümü'), ('1027', '203', 'Eğitim Bilimleri Bölümü'), ('1028', '203', 'İlköğretim Bölümü'), ('1029', '203', 'Orta Öğretim Fen ve Matematik Alanları Eğitimi Bölümü'), ('1030', '203', 'Yabancı Diller Eğitimi Bölümü'), ('1031', '205', 'Turizm İşletmeciliği Bölümü'), ('1032', '205', 'Uluslararası Ticaret Bölümü'), ('1033', '205', 'Yönetim Bilişim Sistemleri Bölümü'), ('1034', '209', 'Diş Hekimliği'), ('1035', '210', 'Alman Dili ve Edebiyatı'), ('1036', '210', 'Arap Dili ve Edebiyatı'), ('1037', '210', 'Arkeoloji'), ('1038', '210', 'Fars Dili ve Edebiyatı'), ('1039', '210', 'Felsefe'), ('1040', '210', 'Fransız Dili ve Edebiyatı'), ('1041', '210', 'İngiliz Dili ve Edebiyatı'), ('1042', '210', 'Japon Dili ve Edebiyatı'), ('1043', '210', 'Karşılaştırmalı Edebiyat'), ('1044', '210', 'Kültür Varlıklarını Koruma ve Onarım'), ('1045', '210', 'Psikoloji'), ('1046', '210', 'Rus Dili ve Edebiyatı'), ('1047', '210', 'Sanat Tarihi'), ('1048', '210', 'Sosyoloji'), ('1049', '210', 'Tarih'), ('1050', '210', 'Türk Dili ve Edebiyatı'), ('1051', '210', 'Urdu Dili ve Edebiyatı'), ('1052', '211', 'Aktüerya'), ('1053', '211', 'Biyokimya'), ('1054', '211', 'Biyoloji'), ('1055', '211', 'Biyoteknoloji'), ('1056', '211', 'Fizik'), ('1057', '211', 'İstatistik'), ('1058', '211', 'Kimya'), ('1059', '211', 'Matematik'), ('1060', '212', 'Endüstri Ürünleri Tasarımı'), ('1061', '212', 'Fotoğraf'), ('1062', '212', 'Geleneksel Türk Sanatları'), ('1063', '212', 'Grafik'), ('1064', '212', 'Heykel'), ('1065', '212', 'İç Mimarlık ve Çevre Tasarımı'), ('1066', '212', 'Resim'), ('1067', '212', 'Seramik'), ('1068', '213', 'Hukuk'), ('1069', '214', 'İktisat'), ('1070', '214', 'İşletme'), ('1071', '214', 'Kamu Yönetimi'), ('1072', '214', 'Uluslararası İlişkiler'), ('1073', '214', 'Uluslararası Ticaret'), ('1074', '215', 'Gazetecilik'), ('1075', '215', 'Halkla İlişkiler ve Tanıtım'), ('1076', '215', 'Radyo- Televizyon ve Sinema'), ('1077', '215', 'Reklamcılık'), ('1078', '216', 'Çocuk Gelişimi ve Ev Yönetimi Eğitimi'), ('1079', '216', 'Eğitim Bilimleri'), ('1080', '216', 'El Sanatları Eğitimi'), ('1081', '216', 'Giyim Endüstrisi ve Giyim Sanatları Eğitimi'), ('1082', '216', 'Uygulamalı Sanatlar Eğitimi'), ('1083', '217', 'Bilgisayar Mühendisliği'), ('1084', '217', 'Çevre Mühendisliği'), ('1085', '217', 'Elektrik Elektronik Mühendisliği'), ('1086', '217', 'Endüstri Mühendisliği'), ('1087', '217', 'Harita Mühendisliği'), ('1088', '217', 'İnşaat Mühendisliği'), ('1089', '217', 'Jeoloji Mühendisliği'), ('1090', '217', 'Kimya Mühendisliği'), ('1091', '217', 'Maden Mühendisliği'), ('1092', '217', 'Makine Mühendisliği'), ('1093', '217', 'Metalurji ve Malzeme Mühendisliği'), ('1094', '218', 'Mimarlık'), ('1095', '218', 'Şehir ve Bölge Planlama'), ('1096', '219', 'Beslenme ve Diyetetik'), ('1097', '219', 'Çocuk Gelişimi'), ('1098', '219', 'Ebelik'), ('1099', '219', 'Hemşirelik'), ('1100', '219', 'Sağlık Yönetimi'), ('1101', '219', 'Sosyal Hizmet'), ('1102', '220', 'Tıp'), ('1103', '221', 'Eğitim'), ('1104', '221', 'Elektronik ve Bilgisayar Eğitimi'), ('1105', '221', 'Makina Eğitimi'), ('1106', '222', 'Veterinerlik'), ('1107', '223', 'Bahçe Bitkileri'), ('1108', '223', 'Bitki Koruma'), ('1109', '223', 'Gıda Mühendisliği'), ('1110', '223', 'Peyzaj Mimarlığı'), ('1111', '223', 'Tarım Ekonomisi'), ('1112', '223', 'Tarım Makinaları ve Teknolojileri Mühendisliği'), ('1113', '223', 'Tarımsal Yapılar ve Sulama'), ('1114', '223', 'Tarla Bitkileri'), ('1115', '223', 'Toprak Bilimi ve Bitki Besleme'), ('1116', '223', 'Zootekni'), ('1117', '224', 'Ayakkabı Tasarımı ve Üretimi'), ('1118', '224', 'El Sanatları Tasarımı ve Üretimi'), ('1119', '224', 'Moda Tasarımı'), ('1120', '224', 'Seramik Tasarımı'), ('1121', '224', 'Tekstil Tasarımı ve Üretimi'), ('1122', '225', 'Bilgisayar Mühendisliği'), ('1123', '225', 'Biyomedikal Mühendisliği'), ('1124', '225', 'Elektrik Elektronik Mühendisliği'), ('1125', '225', 'İmalat Mühendisliği'), ('1126', '225', 'Makine Mühendisliği'), ('1127', '225', 'Mekatronik Mühendisliği'), ('1128', '225', 'Metalurji ve Malzeme Mühendisliği'), ('1129', '226', 'Gastronomi ve Mutfak Sanatları'), ('1130', '226', 'Rekreasyon Yönetimi'), ('1131', '226', 'Seyahat İşletmeciliği'), ('1132', '226', 'Seyahat İşletmeciliği ve Turizm Rehberliği'), ('1133', '226', 'Turizm İşletmeciliği'), ('1134', '227', 'Tıp'), ('1135', '228', 'Diş Hekimliği'), ('1136', '231', 'Canlandırma Film'), ('1137', '231', 'Endüstri Ürünleri Tasarımı'), ('1138', '231', 'Fotoğraf'), ('1139', '231', 'Geleneksel Türk Sanatları'), ('1140', '231', 'Grafik'), ('1141', '231', 'Heykel'), ('1142', '231', 'İç Mimarlık'), ('1143', '231', 'Müzik'), ('1144', '231', 'Resim'), ('1145', '231', 'Seramik ve Cam'), ('1146', '231', 'Film Tasarımı'), ('1147', '231', 'Tekstil '), ('1148', '231', 'Temel Eğitim'), ('1149', '232', 'Gazetecilik'), ('1150', '232', 'Halkla İlişkiler ve Tanıtım'), ('1151', '232', 'Radyo Televizyon ve Sinema'), ('1152', '233', 'Anestezi'), ('1153', '233', 'Diş Protez Teknolojisi'), ('1154', '233', 'İlk ve Acil Yardım'), ('1155', '233', 'Patoloji Laboratuvar Teknikleri'), ('1156', '233', 'Tıbbi Görüntüleme Teknikleri'), ('1157', '233', 'Tıbbi Laboratuvar Teknikleri'), ('1158', '234', 'Siyaset Bilimi ve Uluslararası İlişkiler (İngilizce)'), ('1159', '234', 'Siyaset Bilimi ve Uluslararası İlişkiler '), ('1160', '234', 'Kamu Yönetimi'), ('1161', '234', 'Kamu Yönetimi (Fransızca)'), ('1162', '234', 'Yerel Yönetimler'), ('1163', '235', 'Antrenörlük Eğitimi'), ('1164', '235', 'Beden Eğitimi ve Spor Öğretmenliği'), ('1165', '235', 'Spor Yöneticiliği'), ('1166', '236', 'Bankacılık ve Sigortacılık'), ('1167', '236', 'Bankacılık ve Sigortacılık (İÖ)'), ('1168', '236', 'Büro Yönetimi ve Yönetici Asistanlığı'), ('1169', '236', 'Büro Yönetimi ve Yönetici Asistanlığı (İÖ)'), ('1170', '236', 'Dış Ticaret'), ('1171', '236', 'Dış Ticaret (İÖ)'), ('1172', '236', 'Dış Ticaret (Uzaktan Öğretim)'), ('1173', '236', 'Muhasebe ve Vergi Uygulamaları'), ('1174', '236', 'Muhasebe ve Vergi Uygulamaları (İÖ)'), ('1175', '236', 'Muhasebe ve Vergi Uygulamaları (Uzaktan Öğretim)'), ('1176', '236', 'Pazarlama'), ('1177', '236', 'Pazarlama (İÖ)'), ('1178', '236', 'Pazarlama (Uzaktan Öğretim)'), ('1179', '236', 'Turizm Rehberliği'), ('1180', '236', 'Turizm ve Otel İşletmeciliği'), ('1181', '236', 'Turizm ve Otel İşletmeciliği (İÖ)'), ('1182', '236', 'Turizm ve Seyahat Hizmetleri'), ('1183', '236', 'Yerel Yönetimler'), ('1184', '237', 'Fizyoterapi ve Rehabilitasyon'), ('1185', '237', 'Beslenme ve Diyetetik'), ('1186', '237', 'Hemşirelik'), ('1187', '237', 'Sağlık Yönetimi'), ('1188', '237', 'Ebelik'), ('1189', '238', 'İlahiyat (İngilizce)'), ('1190', '238', 'İlahiyat (Arapça)'), ('1191', '238', 'İlahiyat'), ('1192', '238', 'İlahiyat (İÖ)'), ('1193', '239', 'İşletme (İngilizce)'), ('1194', '239', 'İşletme (Almanca)'), ('1195', '239', 'İşletme Enformatiği (Almanca)'), ('1196', '239', 'İşletme'), ('1197', '239', 'İşletme Yönetimi (İngilizce) (UOLP-ABD North Carolina Üniversitesi (UNCW)) (Ücretli)'), ('1198', '239', 'İşletme (İÖ)'), ('1199', '240', 'Adalet'), ('1200', '241', 'Eczacılık'), ('1201', '242', 'Hukuk'), ('1202', '242', 'Hukuk(İÖ)'), ('1203', '243', 'İngilizce Öğretmenliği (İngilizce)'), ('1204', '243', 'Türk Dili ve Edebiyatı Öğretmenliği'), ('1205', '243', 'Türkçe Öğretmenliği'), ('1206', '243', 'Coğrafya Öğretmenliği'), ('1207', '243', 'Zihin Engelliler Öğretmenliği'), ('1208', '243', 'Rehberlik ve Psikolojik Danışmanlık'), ('1209', '243', 'Tarih Öğretmenliği '), ('1210', '243', 'Matematik Öğretmenliği'), ('1211', '243', 'Zihin Engelliler Öğretmenliği (İÖ)'), ('1212', '243', 'İlköğretim Matematik Öğretmenliği'), ('1213', '243', 'Okul Öncesi Öğretmenliği'), ('1214', '243', 'Fransızca Öğretmenliği (Fransızca) (KKTC Uyruklu)'), ('1215', '243', 'Fransızca Öğretmenliği (Fransızca)'), ('1216', '243', 'Sosyal Bilgiler Öğretmenliği'), ('1217', '243', 'Sınıf Öğretmenliği'), ('1218', '243', 'Kimya Öğretmenliği'), ('1219', '243', 'Bilgisayar ve Öğretim Teknolojileri Öğretmenliği'), ('1220', '243', 'Fen Bilgisi Öğretmenliği'), ('1221', '243', 'Biyoloji Öğretmenliği'), ('1222', '243', 'Fizik Öğretmenliği'), ('1223', '243', 'Almanca Öğretmenliği (Almanca)'), ('1224', '244', 'Mütercim-Tercümanlık (İngilizce)'), ('1225', '244', 'Türk Dili ve Edebiyatı'), ('1226', '244', 'Tarih'), ('1227', '244', 'Coğrafya '), ('1228', '244', 'Sosyoloji (İngilizce)'), ('1229', '244', 'Sanat Tarihi '), ('1230', '244', 'Bilgi ve Belge Yönetimi'), ('1231', '244', 'Matematik'), ('1232', '244', 'Kimya'), ('1233', '244', 'Biyoloji'), ('1234', '244', 'Fizik'), ('1235', '244', 'Alman Dili ve Edebiyatı'), ('1236', '245', 'Elektrik-Elektronik Mühendisliği (İngilizce)'), ('1237', '245', 'Endüstri Mühendisliği (İngilizce)'), ('1238', '245', 'Bilgisayar Mühendisliği (İngilizce)'), ('1239', '245', 'Makine Mühendisliği (İngilizce)'), ('1240', '245', 'Elektrik-Elektronik Mühendisliği'), ('1241', '245', 'Mekatronik Mühendisliği'), ('1242', '245', 'Makine Mühendisliği'), ('1243', '245', 'Kimya Mühendisliği'), ('1244', '245', 'Biyomühendislik (İngilizce)'), ('1245', '245', 'Metalurji ve Malzeme Mühendisliği (İngilizce)'), ('1246', '245', 'Çevre Mühendisliği (İngilizce)'), ('1247', '245', 'Kimya Mühendisliği (KKTC Uyruklu)'), ('1248', '245', 'Mekatronik Mühendisliği (KKTC Uyruklu)'), ('1249', '246', 'İktisat (İngilizce)'), ('1250', '246', 'Maliye'), ('1251', '246', 'İktisat'), ('1252', '246', 'Maliye (İÖ)'), ('1253', '246', 'Çalışma Ekonomisi ve Endüstri İlişkileri '), ('1254', '246', 'İktisat (İÖ)'), ('1255', '246', 'Ekonometri'), ('1256', '246', 'Çalışma Ekonomisi ve Endüstri İlişkileri (İÖ)'), ('1257', '246', 'Ekonometri (İÖ)'), ('1258', '248', 'Elektrik-Elektronik Mühendisliği'), ('1259', '248', 'Mekatronik Mühendisliği'), ('1260', '248', 'Makine Mühendisliği'), ('1261', '248', 'Metalurji ve Malzeme Mühendisliği'), ('1262', '248', 'Elektrik-Elektronik Mühendisliği (M.T.O.K.)'), ('1263', '248', 'Mekatronik Mühendisliği (M.T.O.K.)'), ('1264', '248', 'Makine Mühendisliği (M.T.O.K.)'), ('1265', '248', 'Tekstil Mühendisliği'), ('1266', '248', 'Metalurji ve Malzeme Mühendisliği (M.T.O.K.)'), ('1267', '248', 'Tekstil Mühendisliği (M.T.O.K.)'), ('1268', '248', 'Mekatronik Mühendisliği (KKTC Uyruklu)'), ('1269', '249', 'Aktüerya (KKTC Uyruklu)'), ('1270', '249', 'Bankacılık'), ('1271', '249', 'Sermaye Piyasası'), ('1272', '249', 'Aktüerya'), ('1273', '249', 'Sigortacılık'), ('1274', '249', 'Bankacılık (KKTC Uyruklu)'), ('1275', '249', 'Sigortacılık (KKTC Uyruklu)'), ('1276', '250', 'Takı Tasarımı'), ('1277', '252', 'Basım ve Yayın Teknolojileri'), ('1278', '252', 'Basım ve Yayın Teknolojileri (İÖ)'), ('1279', '252', 'Basım ve Yayın Teknolojileri (KKTC Uyruklu)'), ('1280', '252', 'Bilgisayar Programcılığı'), ('1281', '252', 'Bilgisayar Programcılığı (İÖ)'), ('1282', '252', 'Bilgisayar Programcılığı (Uzaktan Öğretim)'), ('1283', '252', 'Biyomedikal Cihaz Teknolojisi'), ('1284', '252', 'Elektrik'), ('1285', '252', 'Elektrik (İÖ)'), ('1286', '252', 'Elektronik Haberleşme Teknolojisi'), ('1287', '252', 'Elektronik Haberleşme Teknolojisi (İÖ)'), ('1288', '252', 'Elektronik Teknolojisi'), ('1289', '252', 'Elektronik Teknolojisi (İÖ)'), ('1290', '252', 'Giyim Üretim Teknolojisi'), ('1291', '252', 'Giyim Üretim Teknolojisi (İÖ)'), ('1292', '252', 'İşçi Sağlığı ve İş Güvenliği'), ('1293', '252', 'İşçi Sağlığı ve İş Güvenliği (İÖ)'), ('1294', '252', 'İşçi Sağlığı ve İş Güvenliği (Uzaktan Öğretim)'), ('1295', '252', 'Kontrol ve Otomasyon Teknolojisi'), ('1296', '252', 'Makine'), ('1297', '252', 'Makine (İÖ)'), ('1298', '252', 'Moda Tasarımı'), ('1299', '252', 'Moda Tasarımı (İÖ)'), ('1300', '252', 'Moda Tasarımı (Uzaktan Öğretim)'), ('1301', '253', 'Mimarlık'), ('1302', '253', 'Şehir ve Bölge Planlama'), ('1303', '253', 'Şehir ve Bölge Planlama (KKTC Uyruklu)'), ('1304', '254', ' Tıp'), ('1305', '255', 'Fizyoterapi ve Rehabilitasyon'), ('1306', '256', 'Hemşirelik'), ('1307', '257', 'Anestezi'), ('1308', '257', 'İlk ve Acil Yardım'), ('1309', '257', 'Nükleer Tıp Teknikleri'), ('1310', '257', 'Odyometri'), ('1311', '257', 'Radyoterapi'), ('1312', '257', 'Tıbbi Dokümantasyon ve Sekreterlik'), ('1313', '257', 'Tıbbi Görüntüleme Teknikleri'), ('1314', '257', 'Tıbbi Görüntüleme Teknikleri (KKTC Uyruklu)'), ('1315', '257', 'Tıbbi Laboratuvar Teknikleri'), ('1316', '258', 'Elektrik-Elektronik Mühendisliği (İngilizce)'), ('1317', '258', 'Endüstri Mühendisliği'), ('1318', '258', 'Bilgisayar Mühendisliği (İngilizce)'), ('1319', '258', 'İnşaat Mühendisliği'), ('1320', '258', 'Makine Mühendisliği'), ('1321', '258', 'İnşaat Mühendisliği (İÖ)'), ('1322', '258', 'Makine Mühendisliği (İÖ)'), ('1323', '258', 'Bilgisayar Mühendisliği (İngilizce) (KKTC Uyruklu)'), ('1324', '258', 'Metalurji ve Malzeme Mühendisliği'), ('1325', '258', 'Çevre Mühendisliği'), ('1326', '258', 'Tekstil Mühendisliği'), ('1327', '258', 'Jeoloji Mühendisliği'), ('1328', '258', 'Maden Mühendisliği'), ('1329', '258', 'Jeofizik Mühendisliği'), ('1330', '258', 'Jeofizik Mühendisliği (KKTC Uyruklu)'), ('1331', '260', 'Kamu Yönetimi'), ('1332', '260', 'Kamu Yönetimi (İÖ)'), ('1333', '260', 'Yönetim Bilişim Sistemleri'), ('1334', '260', 'İktisat'), ('1335', '260', 'Maliye (İÖ)'), ('1336', '260', 'İşletme'), ('1337', '260', 'Çalışma Ekonomisi ve Endüstri İlişkileri '), ('1338', '260', 'İktisat (KKTC Uyruklu)'), ('1339', '260', 'Ekonometri'), ('1340', '260', 'Çalışma Ekonomisi ve Endüstri İlişkileri (İÖ)'), ('1341', '260', 'İşletme (İÖ)'), ('1342', '260', 'İktisat (İÖ)'), ('1343', '260', 'Ekonometri (İÖ)'), ('1344', '261', 'Hukuk'), ('1345', '262', 'Adalet'), ('1346', '263', 'İngilizce Öğretmenliği (İngilizce)'), ('1347', '263', 'Türk Dili ve Edebiyatı Öğretmenliği'), ('1348', '263', 'Türkçe Öğretmenliği'), ('1349', '263', 'Zihin Engelliler Öğretmenliği'), ('1350', '263', 'Coğrafya Öğretmenliği  '), ('1351', '263', 'Rehberlik ve Psikolojik Danışmanlık'), ('1352', '263', 'Zihin Engelliler Öğretmenliği (İÖ)'), ('1353', '263', 'Tarih Öğretmenliği'), ('1354', '263', 'Matematik Öğretmenliği'), ('1355', '263', 'İlköğretim Matematik Öğretmenliği'), ('1356', '263', 'Okul Öncesi Öğretmenliği'), ('1357', '263', 'Sosyal Bilgiler Öğretmenliği'), ('1358', '263', 'Sınıf Öğretmenliği'), ('1359', '263', 'Okul Öncesi Öğretmenliği (İÖ)'), ('1360', '264', 'Bilgisayar Programcılığı'), ('1361', '264', 'Bilgisayar Programcılığı (İÖ)'), ('1362', '264', 'Bilgisayar Programcılığı (Uzaktan Öğretim)'), ('1363', '264', 'Biyomedikal Cihaz Teknolojisi'), ('1364', '264', 'Biyomedikal Cihaz Teknolojisi (İÖ)'), ('1365', '264', 'Biyomedikal Cihaz Teknolojisi (KKTC Uyruklu)'), ('1366', '264', 'Büro Yönetimi ve Yönetici Asistanlığı'), ('1367', '264', 'Büro Yönetimi ve Yönetici Asistanlığı (İÖ)'), ('1368', '264', 'Döküm'), ('1369', '264', 'Döküm (İÖ)'), ('1370', '264', 'Elektrik'), ('1371', '264', 'Elektrik (İÖ)'), ('1372', '264', 'Elektronik Haberleşme Teknolojisi'), ('1373', '264', 'Elektronik Haberleşme Teknolojisi (İÖ)'), ('1374', '264', 'Elektronik Teknolojisi'), ('1375', '264', 'Elektronik Teknolojisi (İÖ)'), ('1376', '264', 'Harita ve Kadastro'), ('1377', '264', 'Harita ve Kadastro (İÖ)'), ('1378', '264', 'İklimlendirme ve Soğutma Teknolojisi'), ('1379', '264', 'İklimlendirme ve Soğutma Teknolojisi (İÖ)'), ('1380', '264', 'İnşaat Teknolojisi '), ('1381', '264', 'İnşaat Teknolojisi (İÖ)'), ('1382', '264', 'Kimya Teknolojisi'), ('1383', '264', 'Kimya Teknolojisi (İÖ) '), ('1384', '264', 'Kuyumculuk ve Takı Tasarımı'), ('1385', '264', 'Kuyumculuk ve Takı Tasarımı (İÖ)'), ('1386', '264', 'Makine'), ('1387', '264', 'Makine (İÖ)'), ('1388', '264', 'Makine, Resim ve Konstrüksiyon'), ('1389', '264', 'Makine, Resim ve Konstrüksiyon (İÖ)'), ('1390', '264', 'Mekatronik'), ('1391', '264', 'Mekatronik (İÖ)'), ('1392', '264', 'Muhasebe ve Vergi Uygulamaları'), ('1393', '264', 'Muhasebe ve Vergi Uygulamaları (İÖ)'), ('1394', '264', 'Pazarlama'), ('1395', '264', 'Pazarlama (İÖ)'), ('1396', '264', 'Sağlık Kurumları İşletmeciliği'), ('1397', '264', 'Tarımsal İşletmecilik'), ('1398', '264', 'Tarımsal İşletmecilik (İÖ)'), ('1399', '264', 'Tekstil Teknolojisi'), ('1400', '264', 'Turizm ve Otel İşletmeciliği'), ('1401', '264', 'Turizm ve Otel İşletmeciliği (İÖ)'), ('1402', '264', 'Yapı Tesisat Teknolojisi'), ('1403', '264', 'Yapı Tesisat Teknolojisi (İÖ)'), ('1404', '264', 'Yerel Yönetimler'), ('1405', '264', 'Yerel Yönetimler (İÖ)'), ('1406', '265', 'Matematik (İngilizce)'), ('1407', '265', 'Matematik (İngilizce) (KKTC Uyruklu)'), ('1408', '265', 'Bilgisayar Bilimleri'), ('1409', '265', 'İstatistik'), ('1410', '265', 'Kimya'), ('1411', '265', 'Fizik'), ('1412', '266', 'Mütercim-Tercümanlık (İngilizce)v'), ('1413', '266', 'Psikoloji'), ('1414', '266', 'Amerikan Kültürü ve Edebiyatı (İngilizce)'), ('1415', '266', 'Türk Dili ve Edebiyatı'), ('1416', '266', 'Dilbilim'), ('1417', '266', 'Tarih'), ('1418', '266', 'Sosyoloji'), ('1419', '266', 'Karşılaştırmalı Edebiyat'), ('1420', '266', 'Tarih (İÖ)'), ('1421', '266', 'Sosyoloji (İÖ)'), ('1422', '266', 'Felsefe'), ('1423', '266', 'Müzecilik'), ('1424', '266', 'Felsefe (KKTC Uyruklu)'), ('1425', '266', 'Arkeoloji'), ('1426', '266', 'Arkeoloji (İÖ)'), ('1427', '267', 'Uluslararası İlişkiler (İngilizce)'), ('1428', '267', 'İşletme (İngilizce)'), ('1429', '267', 'Uluslararası İşletmecilik ve Ticaret (İngilizce)'), ('1430', '267', 'İktisat (İngilizce)'), ('1431', '267', 'Turizm İşletmeciliği (İngilizce)'), ('1432', '267', 'İktisat (İngilizce) (UOLP-New York Eyalet Üniversitesi (SUNY Albany)) (Ücretli)'), ('1433', '267', ' İşletme (İngilizce) (UOLP-New York Eyalet Üniversitesi (SUNY Albany)) (Ücretli)'), ('1434', '267', 'Uluslararası İlişkiler (İngilizce) (UOLP-New York Eyalet Üniversitesi (SUNY Albany)) (Ücretli)'), ('1435', '268', 'Elektrik-Elektronik Mühendisliği (İngilizce)'), ('1436', '268', 'Endüstri Mühendisliği'), ('1437', '268', 'Bilgisayar Mühendisliği (İngilizce)'), ('1438', '268', 'İnşaat Mühendisliği'), ('1439', '268', 'Makine Mühendisliği'), ('1440', '268', 'İnşaat Mühendisliği (İÖ)'), ('1441', '268', 'Makine Mühendisliği (İÖ)'), ('1442', '268', 'Bilgisayar Mühendisliği (İngilizce) (KKTC Uyruklu)'), ('1443', '268', 'Metalurji ve Malzeme Mühendisliği'), ('1444', '268', 'Çevre Mühendisliği'), ('1445', '268', 'Tekstil Mühendisliği'), ('1446', '268', 'Jeoloji Mühendisliği'), ('1447', '268', 'Maden Mühendisliği'), ('1448', '268', 'Jeofizik Mühendisliği'), ('1449', '268', 'Jeofizik Mühendisliği (KKTC Uyruklu)'), ('1450', '269', 'İlahiyat'), ('1451', '269', 'İlahiyat (İÖ)'), ('1452', '270', 'Film Tasarım ve Yönetmenliği'), ('1453', '270', 'Film Tasarım ve Yazarlık'), ('1454', '270', 'Canlandırma Filmi Tasarım ve Yönetimi'), ('1455', '270', 'Kurgu-Ses ve Görüntü Yönetimi'), ('1456', '272', 'Doğal Yapı Taşları Teknolojisi'), ('1457', '272', 'Endüstriyel Cam ve Seramik'), ('1458', '272', 'Geoteknik'), ('1459', '272', 'Sondaj Teknolojisi'), ('1460', '273', 'Denizcilik İşletmeleri Yönetimi (İngilizce)'), ('1461', '273', 'Lojistik Yönetimi (İngilizce)'), ('1462', '273', 'Gemi Makineleri İşletme Mühendisliği (İngilizce)'), ('1463', '273', 'Deniz Ulaştırma İşletme Mühendisliği (İngilizce)'), ('1464', '273', ' Denizcilik İşletmeleri Yönetimi (İngilizce) (UOLP-Maine Maritime Academy) (Ücretli)'), ('1465', '273', 'Deniz Ulaştırma İşletme Mühendisliği (İngilizce) (UOLP-Maine Maritime'), ('1466', '273', 'Gemi Makineleri İşletme Mühendisliği (İngilizce) (UOLP-Maine Maritime'), ('1467', '274', 'Mimari Restorasyon'), ('1468', '274', 'Matematik Mühendisliği (İngilizce)'), ('1469', '274', 'Kimya Mühendisliği (İngilizce)'), ('1470', '274', 'Matematik Mühendisliği'), ('1471', '275', 'Metalurji ve Malzeme Mühendisliği (İngilizce)'), ('1472', '275', 'Kimya Mühendisliği'), ('1473', '275', 'Biyomühendislik (İngilizce)'), ('1474', '275', 'Gıda Mühendisliği'), ('1475', '275', 'Biyomühendislik'), ('1476', '275', 'Metalurji ve Malzeme Mühendisliği'), ('1477', '275', 'Kimya Mühendisliği (KKTC Uyruklu)'), ('1478', '275', 'Moleküler Biyoloji ve Genetik'), ('1479', '276', 'Türk Dili ve Edebiyatı'), ('1480', '276', 'Kimya (İngilizce)'), ('1481', '276', 'Matematik'), ('1482', '276', 'Kimya'), ('1483', '276', 'İstatistik'), ('1484', '276', 'Fizik'), ('1485', '276', 'Mütercim-Tercümanlık (Fransızca)'), ('1486', '276', 'Matematik (KKTC Uyruklu)'), ('1487', '278', 'İnşaat Mühendisliği (İngilizce)  '), ('1488', '278', 'İnşaat Mühendisliği'), ('1489', '278', 'Harita Mühendisliği'), ('1490', '278', 'Çevre Mühendisliği'), ('1491', '278', 'Harita Mühendisliği (KKTC Uyruklu)'), ('1492', '277', 'Bilgisayar Mühendisliği  '), ('1493', '279', 'Elektronik ve Haberleşme Mühendisliği'), ('1494', '279', 'Elektrik Mühendisliği'), ('1495', '277', 'Kontrol ve Otomasyon Mühendisliği (İngilizce)'), ('1496', '277', 'Kontrol ve Otomasyon Mühendisliği'), ('1497', '277', 'Elektronik ve Haberleşme Mühendisliği (KKTC Uyruklu)'), ('1498', '280', 'İngilizce Öğretmenliği'), ('1499', '280', 'Türkçe Öğretmenliği'), ('1500', '280', 'Rehberlik ve Psikolojik Danışmanlık'), ('1501', '280', 'Okul Öncesi Öğretmenliği'), ('1502', '280', 'İlköğretim Matematik Öğretmenliği'), ('1503', '280', 'Sosyal Bilgiler Öğretmenliği'), ('1504', '280', 'Sınıf Öğretmenliği'), ('1505', '280', 'Bilgisayar ve Öğretim Teknolojileri Öğretmenliği'), ('1506', '276', ' Fen Bilgisi Öğretmenliği'), ('1507', '280', 'İletişim Tasarımı'), ('1508', '281', 'Sanat Yönetimi'), ('1509', '282', 'Endüstri Mühendisliği (İngilizce)'), ('1510', '282', 'Endüstri Mühendisliği'), ('1511', '282', 'Mekatronik Mühendisliği (İngilizce)'), ('1512', '282', 'Mekatronik Mühendisliği'), ('1513', '282', 'Makine Mühendisliği'), ('1514', '283', 'Mimarlık (İngilizce)'), ('1515', '283', 'Mimarlık'), ('1516', '280', 'Şehir ve Bölge Planlama'), ('1517', '285', 'İktisat (İngilizce)'), ('1518', '285', 'Siyaset Bilimi ve Uluslararası İlişkiler'), ('1519', '284', 'İşletme'), ('1520', '284', 'İktisat'), ('1521', '284', 'Siyaset Bilimi ve Uluslararası İlişkiler (KKTC Uyruklu)'), ('1522', '285', 'Gemi İnşaatı ve Gemi Makineleri Mühendisliği'), ('1523', '285', 'Gemi Makineleri İşletme Mühendisliği'), ('1524', '286', 'Diş Hekimliği'), ('1525', '287', 'Arkeoloji'), ('1526', '287', 'Biyoloji'), ('1527', '287', 'Fizik'), ('1528', '287', 'İstatistik'), ('1529', '287', 'Kimya'), ('1530', '287', 'Matematik'), ('1531', '287', 'Psikoloji'), ('1532', '287', 'Türk Dili ve Edebiyatı');
INSERT INTO `uni_department` VALUES ('1533', '287', 'Tarih'), ('1534', '288', 'Bilgisayar ve Öğretim Teknolojileri Eğitimi'), ('1535', '288', 'İlköğretim Din Kültürü ve Ahlak Bilgisi Eğitimi'), ('1536', '288', 'Eğitim Bilimleri'), ('1537', '288', 'Güzel Sanatlar'), ('1538', '288', 'İlköğretim Bölümü'), ('1539', '288', 'Özel Eğitim'), ('1540', '288', 'Felsefe '), ('1541', '288', 'Türkçe'), ('1542', '288', 'Yabancı Diller Eğitimi'), ('1543', '289', 'İç Mimarlık'), ('1544', '289', 'Grafik'), ('1545', '289', 'Seramik'), ('1546', '289', 'Tekstil ve Moda Tasarımı'), ('1547', '290', 'Maliye'), ('1548', '290', 'Ekonometri'), ('1549', '290', 'İktisat'), ('1550', '290', 'İşletme'), ('1551', '290', 'Uluslararası İlişkiler'), ('1552', '291', 'İlahiyat'), ('1553', '291', 'İlköğretim Din Kültürü ve Ahlak Bilgisi'), ('1554', '292', 'Bilgisayar Mühendisliği'), ('1555', '292', 'Biyomedikal Mühendisliği'), ('1556', '292', 'Çevre Mühendisliği'), ('1557', '292', 'Elektrik-Elektronik Mühendisliği'), ('1558', '292', 'Endüstri Mühendisliği'), ('1559', '292', 'İnşaat Mühendisliği'), ('1560', '292', 'Jeoloji Mühendisliği'), ('1561', '292', 'Maden Mühendisliği'), ('1562', '292', 'Makine Mühendisliği'), ('1563', '292', 'Mimarlık'), ('1564', '292', 'Otomotiv Mühendisliği'), ('1565', '292', 'Tekstil Mühendisliği'), ('1566', '293', 'Yetiştiricilik'), ('1567', '293', 'Avlanma ve İşleme'), ('1568', '294', 'Tıp Fakültesi'), ('1569', '295', 'Bahçe Bitkileri'), ('1570', '295', 'Bitki Koruma'), ('1571', '295', 'Gıda Mühendisliği'), ('1572', '295', 'Peyzaj Mimarlığı'), ('1573', '295', 'Tarım Ekonomisi'), ('1574', '295', 'Tarım Makinaları ve Teknolojileri Mühendisliği'), ('1575', '295', 'Tarımsal Yapılar ve Sulama'), ('1576', '295', 'Tarla Bitkileri'), ('1577', '295', 'Toprak Bilimi ve Bitki Besleme'), ('1578', '295', 'Zootekni'), ('1579', '296', 'İşletme Bölümü'), ('1580', '296', 'Muhasebe ve Denetim'), ('1581', '296', 'Yönetim Bilişim Sistemleri'), ('1582', '297', 'İletişim Birimleri'), ('1583', '297', 'Radyo Televizyon ve Sinema'), ('1584', '297', 'Gazetecilik'), ('1585', '297', 'Reklamcılık ve Halkla İlişkiler'), ('1586', '298', 'Eczacılık Meslek Bilimleri Bölümü'), ('1587', '298', 'Eczacılık Teknolojisi Bölümü'), ('1588', '298', 'Temel Eczacılık Bilimleri Bölümü'), ('1589', '299', 'Klinik Öncesi Bilimler Bölümü'), ('1590', '299', 'Klinik Bilimleri Bölümü'), ('1591', '299', 'Zootekni ve Hayvan Besleme Bölümü'), ('1592', '299', 'Gıda Hijyeni ve Teknolojisi Bölümü'), ('1593', '300', null), ('1594', '301', 'Moleküler Biyoloji ve Genetik'), ('1595', '301', 'Kimya'), ('1596', '301', 'Fizik'), ('1597', '301', 'Matematik'), ('1598', '301', 'Fotonik'), ('1599', '302', 'Biyomühendislik'), ('1600', '302', 'Bilgisayar Mühendisliği'), ('1601', '302', 'Çevre Mühendisliği'), ('1602', '302', 'Elektirik-Elektronik Mühendisliği'), ('1603', '302', 'Enerji Sistemleri  Mühendisliği'), ('1604', '302', 'İnşaat Mühendisliği'), ('1605', '302', 'Gıda Mühendisliği'), ('1606', '302', 'Kimya Mühendisliği'), ('1607', '302', 'Mazleme Birimi ve Mühendisliği'), ('1608', '302', 'Makine Mühendisliği'), ('1609', '303', 'Mimarlık(İngilizce)'), ('1610', '303', 'Şehir ve Bölge Planlama(İngilizce)'), ('1611', null, 'Yabancı Diller Yüksekokulu');
COMMIT;

-- ----------------------------
--  Table structure for `uni_info`
-- ----------------------------
DROP TABLE IF EXISTS `uni_info`;
CREATE TABLE `uni_info` (
	`ID` int(11) NOT NULL AUTO_INCREMENT,
	`Uni_Name` varchar(255) CHARACTER SET utf8 COLLATE utf8_turkish_ci DEFAULT NULL,
	`Uni_Url` varchar(255) CHARACTER SET utf8 COLLATE utf8_turkish_ci DEFAULT NULL,
	`Uni_Desc` text CHARACTER SET utf8 COLLATE utf8_turkish_ci DEFAULT NULL,
	`Uni_Loc` varchar(255) CHARACTER SET utf8 COLLATE utf8_turkish_ci DEFAULT NULL,
	`Uni_Latitude` varchar(10) CHARACTER SET utf8 COLLATE utf8_turkish_ci DEFAULT NULL,
	`Uni_Longitude` varchar(10) CHARACTER SET utf8 COLLATE utf8_turkish_ci DEFAULT NULL,
	`Uni_Type` varchar(10) CHARACTER SET utf8 COLLATE utf8_turkish_ci DEFAULT NULL,
	PRIMARY KEY (`ID`)
) ENGINE=`InnoDB` AUTO_INCREMENT=21 DEFAULT CHARACTER SET utf8 COLLATE utf8_turkish_ci ROW_FORMAT=COMPACT COMMENT='' CHECKSUM=0 DELAY_KEY_WRITE=0;

-- ----------------------------
--  Records of `uni_info`
-- ----------------------------
BEGIN;
INSERT INTO `uni_info` VALUES ('1', 'ODTÜ', 'odtu', 'Orta Doğu Teknik Üniversitesi, Türkiye ve Orta Doğu ülkelerinin kalkınmalarına katkıda bulunmak, özellikle fen bilimleri ve sosyal bilimler alanlarında eleman yetiştirmek üzere 15 Kasım 1956 tarihinde \"Orta Doğu Yüksek Teknoloji Enstitüsü\" adıyla devlet üniversitesi statüsünde eğitime başlamıştır. İçel-Erdemli\'de bulunan Deniz Bilimleri Enstitüsü ve Kuzey Kıbrıs Kampüsü dışında üniversitenin bütün fakülteleri ve bölümleri, Ankara\'da bulunan merkez yerleşkede bulunmaktadır. 28.000\'den fazla öğrencinin öğrenim gördüğü 3\'ü uluslararası ortak program olmak üzere 43 lisans programının yürütüldüğü 5 Fakülte, 107 yüksek lisans ve 69 doktora programının yürütüldüğü 5 Enstitü, İngilizce eğitimi veren Yabancı Diller Yüksek Okulu, ODTÜ Kuzey Kıbrıs Kampüsü\'ne bağlı 15 lisans programı ve 3 yüksek lisans programında 1.115 öğretim üyesi (Prof., Doç., Yrd.Doç.), 324 öğretim görevlisi, 1.259 araştırma görevlisi görev almaktadır.', 'Üniversiteler, Dumlupınar Bulvarı No:1, 06800 Çankaya/Ankara', '39.8928644', '32.7789416', 'Devlet'), ('2', 'Hacettepe Üniversitesi', 'hacettepe-universitesi', 'Hacettepe Üniversitesi ilham verici bir dünya markası olan; öğrencisi, personeli ve mezunu olmaktan gurur duyulan; değişime ve gelişime liderlik eden bir üniversite olma vizyonu ile 8 Temmuz 1967’de ile tıp, sağlık bilimleri, fen ve sosyal bilimler fakülteleri ile hizmet vermeye başlamıştır. 14 fakülte, 14 enstitü, 1 yüksekokul, 3 meslek yüksekokulu, 1 konservatuvar, Teknokent ve Teknoloji Transfer Merkezi, 85 uygulama ve araştırma merkezi, öğrenci kulüpleri, spor ve kültür tesisleri, öğrenci kasabası, yurtlar, laboratuvarlar, kütüphaneler, bilgi-iletişim altyapısı, sanat müzesi, kongre merkezleri ile merkez yerleşkesinin Sıhhıye olduğu dört yerleşkeye ( Beytepe, Beşevler, Polatlı ) sahiptir. Bilim, teknoloji, görsel ve işitsel sanat alanlarında yürüttüğü araştırmalar ve verdiği eğitim-öğretimle, değişime ve gelişime açık bireyler yetiştirmeyi, her alandaki birikimini toplum yararına sunmayı görev edinen Hacettepe bünyesinde 3495 akademik personel görev yapmakta, 36112 öğrenci de öğrenim görmektedir.', 'Üniversiteler, Hacettepe Beytepe Kampüsü 35 A, 06800 Çankaya/Ankara', '39.870568', '32.7283744', 'Devlet'), ('3', 'İstanbul Üniversitesi', 'istanbul-universitesi', '18 Kasım 1933\'te Doğu ile Batıyı, geçmişle geleceği buluşturan, ülkemize ve insanlığa yararlı bilgi üreten ve yetkin bireyler yetiştiren öncü üniversite olma misyonuyla kurulan İstanbul Üniversitesi\'nin kökleri 30 Mayıs 1453\'e kadar uzanmaktadır. İstanbul Üniversitesi, Beyazıt Merkez, Laleli-Vezneciler, Vefa, Horhor, Avcılar, Çapa, Cerrahpaşa, Şişli, Kadıköy, Bahçeköy, Bakırköy ve Büyükçekmece olmak üzere 12 farklı yerleşkede faaliyetlerini sürdürmektedir. 178.901 öğrencinin öğrenim gördüğü 20 fakülte 8 yüksekokul, 17 enstitü, 61 uygulama ve araştırma merkezi ve devlet konservatuvarında, 5100 akademik, 7000 idari personel görev yapmaktadır.', 'İstanbul Üniversitesi Merkez Kampüsü, 34452 Beyazıt/Fatih-İstanbul', '41.0132682', '28.9624142', 'Devlet'), ('4', 'Ankara Üniversitesi', 'ankara-universitesi', 'Ankara Üniversitesi, 1946 yılında Atatürk ilke inkılâplarının dayanaklarını oluşturmak, bu ilke ve inkılâpları yurt geneline yaymak, kökleştirmek ve çağdaşlığın, bilimin ve aydınlığın ifadesi olan bu değerlerin yılmaz savunuculuğunu yapmak üzere, temeli bizzat yüce Atatürk tarafından atılan Ankara\'da kurulmuş bir devlet üniversitesidir. Ankara Üniversitesi’ne bağlı 5 yerleşkede,17 fakülte, 1 yüksekokul, 10 meslek yüksekokulu ve 1 Devlet Konservatuvarı, 13 enstitü ve 42 araştırma, uygulama ve eğitim merkezi bulunmakta ve bu birimlerde 68476 öğrenci öğrenim görmektedir. Nitelikli araştırmalar yapan, bilgi ve yeteneklerini insanlık ve ülke yararına kullanan ve evrensel düzeyde fark yaratarak geleceğe yön veren yenilikçi üniversite olma vizyonu ile hareket eden Ankara Üniversitesi bünyesinde 4293 akademik personel ile 5687 idari personel görev yapmaktadır.', 'Ankara Üniversitesi Rektörlüğü, Dögol Caddesi 06100, Tandoğan / Ankara / Türkiye', '39.934876', '32.8311283', 'Devlet'), ('5', 'Gebze Teknik Üniversitesi', 'gebze-teknik-niversitesi', 'Gebze Teknik Üniversitesi 11 Temmuz 1992 tarihinde araştırma ve teknoloji üretimi öncelikli bir ihtisas üniversitesi olarak Kocaeli il sınırları içerisinde Dünya’da saygın üniversiteler arasında yer alan bir ihtisas üniversitesi olma vizyonuyla devlet üniversitesi statüsünde kurulmuştur. Bünyesinde bulunan 4 fakülte, 10 enstitü ve 4 araştırma ve uygulama merkezinde 5000 öğrenci eğitim görmektedir. 165 doktoralı öğretim elemanının çalıştığı üniversitede, bilimselliğinin ve üretkenliğinin göstergelerinden biri olan öğretim üyesi başına düşen uluslararası yayın sayısı bakımından devlet üniversiteleri arasında ilk sıralarda yer almaktadır. Gebze Teknik Üniversitesi, Dünya standartlarında lisans ve lisansüstü seviyede eğitim vermeyi, temel ve uygulamalı bilimsel ve teknolojik araştırmalar yapmayı ve bunları saygın uluslararası dergi ve kitaplarda yayınlamayı temel varlık sebebi olarak kabul etmiştir.', 'Gebze Teknik Üniversitesi Rektörlüğü, P.K: 141 41400 Gebze/KOCAELİ', '40.8090281', '29.3643128', 'Devlet'), ('6', 'İhsan Doğramacı Bilkent Üniversitesi', null, 'İhsan Doğramacı Bilkent Üniversitesi 1984’te Türkiye’nin ilk vakıf üniversitesi olarak Ankara’da kurulmuş,1986’da tüm bilimler, teknoloji ve sanatı kapsayan bir öğrenme ve ilerleme ortamı oluşturarak, insanlığa hizmet etmek ve dünya barışını geliştirme misyonuyla eğitime başlamıştır. Bilkent Üniversitesi\'nin yerleşkesi kent merkezine 12 km. mesafede ve 5.000 dönümlük bir alan üzerinde konumlanmıştır. 13.000 öğrencinin öğrenim gördüğü 9 fakültesi ve 2 yüksekokulu bünyesindeki 29 lisans ve 51 lisansüstü programında 1000 kadar akademik personel çalışmalarını yürütmektedir.', 'Bilkent Üniversitesi, 06800 Bilkent/Ankara/TÜRKİYE', '39.8746147', '32.7454075', 'Vakıf'), ('7', 'Gazi Üniversitesi', null, 'Gazi Üniversitesi, Cumhuriyet tarihinin ilk üniversitesi olarak 1926 yılında Ankara\'da devlet üniversitesi olarak, bilim ve teknolojiden sanat ve spora kadar uzanan geniş bir yelpazede özgün araştırmaları, üst düzey eğitimi, yaratıcı faaliyetleri ve topluma hizmeti ile ulusal ve uluslararası düzeyde saygın ve lider bir üniversite olma vizyonuyla kuruldu. Rektörlük binasının bulunduğu Merkez Yerleşkesi ile beraber Beşevler, Emek, Maltepe, Gölbaşı, Çubuk, Ostim ve Polatlı olmak üzere toplam 8 yerleşkesi bulunan, 77 bin öğrencinin öğrenim gördüğü üniversite 21 fakültesi, 4 yüksekokulu, 1 Türk Müziği Devlet Konservatuvarı, 11 meslek yüksekokulu, 48 araştırma merkezi ve 7 enstitüsü bünyesinde çalışan 4000 akademik personeli ile Gazi Üniversitesi adını aldığı Gazi Mustafa Kemal Atatürk\'e yaraşır bir yüksek öğretim kurumu olma iddiasını devam ettirmektedir.', 'Gazi Üniversitesi Rektörlüğü, 06500 Teknikokullar ANKARA', '39.942758', '32.8229505', 'Devlet'), ('8', 'İstanbul Teknik Üniversitesi', null, 'İstanbul Teknik Üniversitesi (İTÜ), 1773 yılında Mühendishane-i Bahrî-i Hümâyûn adıyla İstanbul\'da kurulmuş devlet üniversitesidir. İTÜ\'de Ayazağa, Gümüşsuyu, Maçka, Taşkışla ve Tuzla olmak üzere 5 kampüste, bilim, teknoloji ve sanatta, uzmanlığı ile uluslararası, lider bir üniversite olma vizyonuyla 13 fakültede 39 lisans programı ve 6 enstitüde yüksek lisans ve doktora programlarında eğitim verilmektedir. 2.093 akademik personelin görev yaptığı üniversitede 360 laboratuvar ve 13 araştırma merkezi bulunmaktadır. 23 akredite mühendislik programı ile dünyanın en fazla ABET Akreditasyonuna sahip üniversitesi olan İTÜ\'de 32.307 öğrenim görmektedir.', 'İTÜ Ayazağa Kampüsü, Rektörlük Binası, 34469 Maslak-İSTANBUL', '41.102461', '29.019993', 'Devlet'), ('9', 'Ege Üniversitesi', null, 'Ege Üniversitesi, 20 Mayıs 1955 tarihinde yayınlanan 6595 sayılı kanunla 9 Mart 1956 tarihinde, İzmir\'de Türkiye\'nin 4. üniversitesi olarak eğitim-öğretim hayatına başlamıştır.[3]', 'Ege Üniversitesi Kampüsü 35100, Bornova-İZMİR', '38.4559412', '27.2288668', 'Devlet'), ('10', 'Koç Üniversitesi', null, 'Koç Üniversitesi 1993 yılında Türkiye\'de uluslararası nitelikte, yaratıcı, bağımsız ve objektif düşünebilen, liderlik vasıflarına sahip en yetkin mezunları yetiştirmek; bilimin sınırlarını ilerletme ve örnek bir öğretim ve araştırma kurumu olarak Türkiye ve insanlığa hizmet etme misyonuyla İstanbul\'da eğitime başlamış olan bir vakıf üniversitesidir. Koç Üniversitesi\'nin ana kampüsü Rumelifeneri, Sarıyer’dedir. Üniversite’nin ayrıca Zekeriyaköy’de Batı Kampüsü, İstinye’de İstinye Kampüsü, Beyoğlu\'nda ANAMED ve Nişantaşı’nda Hemşirelik Yüksekokulu bulunmaktadır. 5347 öğrencinin öğrenim gördüğü üniversitenin 6 fakülte, 1 yüksekokul, 4 enstitü, 3 araştırma forumu, 17 araştırma merkezinde 486 akademik personel bulunmaktadır.', 'Rumelifeneri Yolu 34450 Sarıyer, İstanbul / Türkiye', '41.205231', '29.071898', 'Vakıf'), ('11', 'Sabancı Üniversitesi', null, '1999 yılında katılımcı farklılığa saygılı, özgürlükçü bir kurum kültürü içinde, tüm paydaşlarımızın gereksinimlerine duyarlı, yenilikçi, disiplinler arası bir eğitim altyapısı ile, öncülüğe yol açan özgün bilginin yaratılmasını ve yayılmasını sağlayan, araştırma ve eğitim alanındaki yaratıcılığı ile uluslararası bir referans noktası olma vizyonuyla İstanbul’da eğitime başlayan Sabancı Üniversitesi, Mühendislik ve Doğa Bilimleri, Sanat ve Sosyal Bilimler ve Yönetim Bilimleri Fakülteleri altında 13 lisans ve 54 lisansüstü programıyla eğitim veren Türkiye\'nin ilk bölümsüz vakıf üniversitesidir. Tuzla Kampüsü\'nün merkez yerleşke olduğu üniversitede 4097 öğrenci öğrenim görmekte 388 akademik personel de görev almaktadır. Sabancı Üniversitesi Times Higher Education\'ın \"Dünya 50 Yaşın Altındaki En İyi 100 Üniversite-2015\" listesinde Türkiye\'de 1., dünyada 13. olmuştur. Bilim Sanayi ve Teknoloji Bakanlığı\'nın açıkladığı \"Girişimci ve Yenilikçi Üniversite Endeksi 2015\" sıralamasında da 1. seçilmiştir. İstanbul Politikalar Merkezi, Sakıp Sabancı Müzesi ve Nanoteknoloji Araştırma ve Uygulama Merkezi (SUNUM) Sabancı Üniversitesi bünyesinde bulunmaktadır. ***Sabancı Üniversitesi\'nde bölüm yapılanması olmadığı için programlar fakülte adı altında verilmiştir.', 'Sabancı Üniversitesi, Orta Mahalle, Üniversite Caddesi No:27 Tuzla, 34956 İstanbul', '40.8894319', '29.3758033', 'Vakıf'), ('12', 'Atatürk Üniversitesi', null, 'Atatürk Üniversitesi 7 Haziran 1957 tarihinde “verdiği eğitimin, ürettiği bilgive teknolojinin, sunduğu hizmetlerin dünyada öncelikli olarak talep edildiği bir üniversite olma vizyonuyla Erzurum\'da kurulmuş bir devlet üniversitesidir. Bölgesel ve ulusal düzeyde sürdürülebilir kalkınmaya katkıda bulunabilen, analiz ve sentez yapabilen, öğrendiğini uygulayabilen, sonuçlarını değerlendirebilen; iletişim, takım çalışması ve liderlik becerilerine sahip mezunları ve sorun çözebilen, uluslar arası düzeyde bilgi ve teknoloji üreten, öğretme ve öğrenme coşkusuna sahip çalışanları ile ürettiği bilgi ve hizmeti toplumun yararına sunmayı misyon edinmiş 155.561 öğrenim gördüğü üniversitenin, merkez kampüsü ve ilçelerindeki yüksekokullarında bulunan 22 fakülte, 7 enstitü, 2 yüksekokul, 12 meslek yüksekokulu ve 20 araştırma merkezinde 2621 akademik personel akademik çalışmalarını sürdürmektedir.', 'Atatürk Üniversitesi Kampüsü, 25030, Türkiye', '39.9014536', '41.2461806', 'Devlet'), ('13', 'Erciyes Üniversitesi', null, 'Erciyes Üniversitesi 1978 yılında Kayseri\'de devlet üniversitesi statüsünde bilimsel çalışmalara, bilgi ve teknoloji üretimine ve sosyal, kültürel, sanat ile spor alanlarına katkı sağlayan; uluslararası nitelikte öğrenci ve öğretim elemanı yapısına sahip; bünyesinde Türkiye’de önde gelen ve Dünya\'da saygın araştırma merkezleri bulunduran; yerel, evrensel ve etik değerlere sahip öncü bir üniversite olma vizyonuyla Kayseri\'de kurulmuştur. Kayseri Merkez Kampüsü, Seyrani, Tomarza olmak üzere 3 yerleşkesi bulunan üniversitenin bünyesinde 18 fakülte, 3 yüksekokul, 9 meslek yüksekokulu, 7 enstitü, 6 bölüm, 38 araştırma merkezi faaliyet göstermektedir. Üniversitede, 2014 - 2015 öğretim yılı itibariyle 2300\'e yakın akademik personel görev yapmakta olup yaklaşık 50.000 öğrenci de eğitim almaktadır.', 'Barbaros, Erciyes Ünv. Sümer Kampüsü, 38030 Kocasinan/Kayseri, Türkiye', '38.7062846', '35.5229721', 'Devlet'), ('14', 'Boğaziçi Üniversitesi', null, 'Boğaziçi Üniversitesi, Amerika Birleşik Devletleri sınırları dışında kurulan ilk yükseköğretim kurumu olan Robert Kolej adıyla 1863 yılında kurulmuştur. 1971 yılında ise Boğaziçi Üniversitesi’ne dönüşerek Kolej’in eğitim geleneğini ve öğretim dili olarak da İngilizceyi koruyarak seçkin bir Türk kamu araştırma üniversitesi haline gelmiştir. O zamandan beri hem lisans ve hem de lisansüstü programlarını genişleten ve bünyesine yeni kampüsler ekleyen Boğaziçi Üniversitesi, şu anda temel ve sosyal bilimler, mühendislik, eğitim ve uygulamalı bilim dallarında üstün lisans ve lisansüstü programları ile Türkiye\'nin önde gelen üniversitelerinden biridir. Dünya standartlarında sağladığı öğretim kalitesiyle, birinci sınıf laboratuvarları ve araştırma merkezleri ve nefes kesen kampüsüyle Türkiye\'nin ve bölge ülkeleri öğrencilerinin en çok tercih ettiği üniversite olmuştur. 3800’den fazlası lisansüstü öğrenci olmak üzere toplam öğrenci sayısı 15.000’e ulaşmıştır. Boğaziçi Üniversitesi, 32 ayrı akademik bölümü, altı lisansüstü enstitüsü ve 19 araştırma merkezi ile geniş bir yelpazede tüm disiplinleri kapsayan, yüksek etkili araştırmalar sürdürmektedir. Üniversitenin bu araştırma faaliyetleri için ulusal ve uluslararası araştırma fonu kuruluşlarının yanı sıra sanayiden de araştırma fonu desteği sağlanmaktadır. Dünya çapında önde gelen akademik kurumlarla yaptığı ortaklıklar neticesinde ise üniversitenin araştırmacı kimliği önemli oranda güçlenmiştir.', 'Bebek, 34342 Beşiktaş/İstanbul, Türkiye', '41.0847571', '29.0488512', 'Devlet'), ('15', 'Selçuk Üniversitesi', null, 'Selçuk Üniversitesi 1975 yılında Dünya çapında üniversite olmayı amaçlayan, öğrencilerin tercih ettiği ve mezunları tercih edilen, sürekli değişimi hedefleyen bir üniversite olma amacıyla Konya\'da devlet üniversitesi statüsünde kurulmuştur. Üniversitenin merkez yerleşkesi Konya\'nın Selçuklu ilçesinde bulunan Alaeddin Keykubat Kampüsü\'dür. 79.395 öğrencinin öğrenim gördüğü üniversitenin bünyesinde bulunan 23 fakülte, 6 enstitü, 5 yüksekokulda 2 bin 683 akademik personel görev almaktadır.', 'Ardıçlı, Maraşal Fevzi Çakmak Mah., 42250 Selçuklu/Konya, Türkiye', '38.0227823', '32.5104601', 'Devlet'), ('16', 'Marmara Üniversitesi', null, '16 Ocak 1883 tarihinde Hamidiye Ticaret Mekteb-i Âlisi ismi altında eğitime başlayan Marmara Üniversitesi, 1982 yılında gerçekleştirilen düzenlemelerle, eğitim, bilim, teknoloji, sanat ve sporda öncü bir üniversite olma vizyonuyla İstanbul\'da devlet üniversitesi statüsünde kurulmuştur. Marmara Üniversitesi\'nin merkez kampüsü Göztepe Kampüsü\'dür. Bunun dışında üniversite Haydarpaşa Bahçelievler, Bağlarbaşı, Kartal, Beyazıt, Anadolu Hisarı, Nişantaşı, Acıbadem, Sultanahmet, Başıbüyük Sağlık, Şişli Kampüsler\'nde konumlanmıştır.70.000 öğrencinin öğrenim gördüğü üniversitenin 16 fakülte, 11 enstitü, 5 yüksekokul, 4 meslek yüksekokulu ve 19 araştırma ve uygulama merkezinde 3.000’e yakın öğretim elemanı görev almaktadır.', 'Eğitim, 34722 Kadıköy/İstanbul, Türkiye', '40.9850209', '29.0525106', 'Devlet'), ('17', 'Dokuz Eylül Üniversitesi', null, 'Dokuz Eylül Üniversitesi 20 Temmuz 1982`de İzmir il sınırları içerisinde kurulmuştur. Rektörlük yerleşkesinin Alsancak’ta bulunduğu üniversitenin İnciraltı, Tınaztepe, Dokuzçeşmeler yerleşkesi ile toplamda 4 yerleşkesi bulunmaktadır. Üniversite bünyesinde bulunan 14 Fakülte, 4 Yüksekokul, 7 Meslek Yüksekokulu, 1 Konservatuvar, 10 Enstitü ve 54 Uygulama ve Araştırma Merkezi\'nde 3.324 akademik personel çalışmalarını yürütmekte, 62.663 öğrenci de öğrenim görmektedir.', 'DOKUZ EYLÜL ÜNİVERSİTESİ REKTÖRLÜĞÜ Cumhuriyet Bulvarı No: 144 35210 Alsancak / İZMİR', '38.4308493', '27.1347898', 'Devlet'), ('18', 'Yıldız Teknik Üniversitesi', null, 'Yıldız Teknik Üniversitesi, 1911 yılında eğitim, araştırma ve kültür ortamı ile tercih edilen bir dünya üniversitesi olma vizyonuyla İstanbul’da kurulmuş bir vakıf üniversitesidir. Üniversitenin merkez yerleşkesi, Yıldız Yerleşkesi\'dir. Bunun dışında üniversite Davutpaşa ve Ayazağa Kampüsleri\'nde de faaliyet göstermektedir. 34179 öğrencinin öğrenim gördüğü üniversitenin 10 fakülte, 2 enstitü, 2 meslek yüksekokulu ve yabancı diller yüksekokulunda 1756 öğrenci öğrenim görmektedir.', 'Çifte Havuzlar, YTÜ-Davutpaşa Kampüsü, 34220 Esenler/İstanbul, Türkiye', '41.0260743', '28.8856784', 'Devlet'), ('19', 'Çukurova Üniversitesi', null, 'Çukurova Üniversitesi Ankara ve Atatürk Üniversitelerine bağlı olarak 30.11.1973 tarihinde Adana’da kurulmuştur. Seyhan gölü kıyısındaki Balcalı Kampüsü’nde eğitim-öğretim veren üniversite bünyesinde 17 fakülte, 4 yüksekokul, 12 meslek yüksekokulu, 1 devlet konservatuvarı, 3 enstitü ve 32 araştırma ve uygulama merkezi bulunmaktadır. Bu birimlerde 2186 akademik personel, 49.711 öğrencinin eğitim ve öğretiminde görev almaktadır.', 'Çukurova Üniversitesi Rektörlüğü 01330 Balcalı, Sarıçam / ADANA', '37.059684', '35.3532253', 'Devlet'), ('20', 'İzmir Yüksek Teknoloji Üniversitesi', null, 'İzmir Yüksek Teknoloji Enstitüsü 11 Temmuz 1992 tarihinde özellikle teknolojik alanda üst düzeyde eğitim, öğretim ve araştırma yapma temel amacı ile Türkiye\'nin teknoloji üssü sloganıyla kurulmuş bir devlet üniversitesidir. İYTE\'nin yerleşkesi İzmir\'in Urla ilçesinde konumlanmıştır. 4073 öğrencinin öğrenim gördüğü 3 fakülte, 1 enstitü, 1 yüksekokul ve 5 araştırma merkezinde 534 akademik personel ile 384 idari personel görev almaktadır.', 'Gülbahçe, 35430 Urla/İzmir, Türkiye', '38.3214324', '26.6393728', 'Devlet');
COMMIT;

SET FOREIGN_KEY_CHECKS = 1;
