-- --------------------------------------------------------
-- Sunucu:                       localhost
-- Sunucu versiyonu:             5.5.49-log - MySQL Community Server (GPL)
-- Sunucu İşletim Sistemi:       Win32
-- HeidiSQL Sürüm:               9.3.0.4984
-- --------------------------------------------------------

/*!40101 SET @OLD_CHARACTER_SET_CLIENT=@@CHARACTER_SET_CLIENT */;
/*!40101 SET NAMES utf8mb4 */;
/*!40014 SET @OLD_FOREIGN_KEY_CHECKS=@@FOREIGN_KEY_CHECKS, FOREIGN_KEY_CHECKS=0 */;
/*!40101 SET @OLD_SQL_MODE=@@SQL_MODE, SQL_MODE='NO_AUTO_VALUE_ON_ZERO' */;

-- university için veritabanı yapısı dökülüyor
CREATE DATABASE IF NOT EXISTS `university` /*!40100 DEFAULT CHARACTER SET utf8 COLLATE utf8_turkish_ci */;
USE `university`;


-- tablo yapısı dökülüyor university.uni_campus
CREATE TABLE IF NOT EXISTS `uni_campus` (
  `ID` int(11) NOT NULL AUTO_INCREMENT,
  `Uni_ID` int(11) DEFAULT NULL,
  `Uni_Camp_Name` varchar(255) COLLATE utf8_turkish_ci DEFAULT NULL,
  `Uni_Latitude` varchar(10) COLLATE utf8_turkish_ci DEFAULT NULL,
  `Uni_Longitude` varchar(10) COLLATE utf8_turkish_ci DEFAULT NULL,
  KEY `ID` (`ID`)
) ENGINE=InnoDB AUTO_INCREMENT=77 DEFAULT CHARSET=utf8 COLLATE=utf8_turkish_ci;

-- university.uni_campus: ~76 rows (yaklaşık) tablosu için veriler indiriliyor
/*!40000 ALTER TABLE `uni_campus` DISABLE KEYS */;
INSERT INTO `uni_campus` (`ID`, `Uni_ID`, `Uni_Camp_Name`, `Uni_Latitude`, `Uni_Longitude`) VALUES
	(1, 1, 'Merkez', '39.8928644', '32.7767529'),
	(2, 1, 'Kuzey Kıbrıs Kampüsü', '35.249087', '33.024076'),
	(3, 2, 'Beytepe Yerleşkesi', '39.870568', '32.7283744'),
	(4, 2, 'Sıhhiye Yerleşkesi', '39.9323701', '32.8635863'),
	(5, 2, 'Beşevler Yerleşkesi', '39.9334891', '32.8254672'),
	(6, 3, 'Büyükçekmece Yerleşkesi', '41.048235', '28.4219713'),
	(7, 3, 'Kadıköy Yerleşkesi', '40.987486', '29.0638553'),
	(8, 3, 'Çapa Yerleşkesi', '41.017144', '28.9324513'),
	(9, 3, 'Avcılar Yerleşkesi', '40.9875805', '28.7249416'),
	(10, 3, 'Bahçeköy Yerleşkesi', '41.1770736', '28.9901218'),
	(12, 3, 'Beyazıt Yerleşkesi(Merkez)', '41.0132682', '28.9624142'),
	(13, 4, 'Elmadağ Kampüsü', '39.9633805', '32.8608291'),
	(14, 4, 'Dışkapı Kampüsü', '39.962826', '32.8609079'),
	(15, 4, 'Keçiören Yerleşkesi', '39.9567268', '32.8608018'),
	(16, 4, 'Haymana Yerleşkesi', '39.929379', '32.8577799'),
	(17, 4, 'Cebeci Kampüsü', '39.9278978', '32.8710883'),
	(18, 4, 'Gölbaşı Kampüsü', '39.7807316', '32.817795'),
	(19, 4, 'Tandoğan Yerleşkesi (Merkez)', '39.934876', '32.8311283'),
	(20, 5, 'Merkez', '40.8091138', '29.3629334'),
	(21, 6, 'Merkez', '29.3629334', '32.7454075'),
	(22, 7, 'Merkez Yerleşkesi', '39.942758', '32.8229505'),
	(23, 7, 'Beşevler Yerleşkesi', '39.9407703', '32.816555'),
	(24, 7, 'Emek Yerleşkesi', '39.942758', '32.8229505'),
	(25, 7, 'Gölbaşı Yerleşkesi', '39.7803421', '32.809817'),
	(26, 7, 'Çubuk Yerleşkesi', '40.230877', '33.03823'),
	(27, 7, 'Ostim Yerleşkesi', '39.982414', '32.7441003'),
	(28, 7, 'Polatlı Yerleşkesi', '39.6008846', '32.1418468'),
	(29, 7, 'Maltepe Yerleşkesi', '39.9318278', '32.842654'),
	(30, 8, 'Ayazağa Yerleşkesi', '41.1055941', '29.0231514'),
	(31, 8, 'Gümüşsuyu Yerleşkesi', '41.0373532', '28.9898428'),
	(32, 8, 'Taşkışla Yerleşkesi', '41.04082', '28.989798'),
	(33, 8, 'Maçka Yerleşkesi', '41.0445791', '28.995173'),
	(34, 8, 'Tuzla Yerleşkesi', '40.814028', '29.292748'),
	(35, 9, 'Rektörlük', '38.461893', '27.2216455'),
	(36, 9, 'Bornava Yerleşkesi (Merkez)', '38.4577378', '27.2273305'),
	(37, 10, 'Koç Üniversitesi Hastanesi', '41.0237173', '28.9176111'),
	(38, 10, 'İstinye Kampüsü', '41.1338245', '29.0529152'),
	(39, 10, 'Rumelifeneri Kampüsü', '41.2053081', '29.0706799'),
	(40, 11, 'Merkez Kampüsü', '40.890243', '29.3752883'),
	(41, 12, 'Atatürk Üniversitesi Kampüsü', '39.9014536', '41.2483693'),
	(42, 13, 'Tomarza Yerleşkesi', '38.4579923', '35.8096499'),
	(43, 13, 'Seyrani Yerleşkesi', '38.3738568', '35.4620989'),
	(44, 13, 'Merkez Yerleşkesi', '38.7062846', '35.5229721'),
	(45, 14, 'Güney-Kuzey Kampüsü', '41.0847571', '29.0510399'),
	(46, 14, 'Sarıtepe Kampüsü', '41.2407569', '29.0035296'),
	(47, 14, 'Hisar Kampüsü', '41.088761', '29.0483654'),
	(48, 14, 'Kandilli Kampüsü', '41.0632909', '29.0634754'),
	(49, 15, 'Rektörlük', '37.8752321', '32.4918299'),
	(50, 15, 'Alaaddin Keykubat Kampüsü', '38.0246795', '32.5093229'),
	(51, 16, 'Başıbüyük Yerleşkesi', '40.94938', '29.137906'),
	(52, 16, 'Sultanahmet Yerleşkesi', '41.0187267', '28.9523617'),
	(53, 16, 'Acıbadem Yerleşkesi', '41.0070879', '29.0461132'),
	(54, 16, 'Nişantaşı Yerleşkesi', '41.0523841', '28.9960836'),
	(55, 16, 'Anadolu Hisarı Kampüsü', '41.0808368', '29.0665865'),
	(56, 16, 'Beyazıt Yerleşkesi', '41.0074812', '28.9627456'),
	(57, 16, 'Kartal Yerleşkesi', '40.9168008', '29.1763152'),
	(58, 16, 'Bağlarbaşı Yerleşkesi', '41.0209125', '29.034157'),
	(59, 16, 'Bahçelievler Kampüsü', '40.998883', '28.8668916'),
	(60, 16, 'Haydarpaşa Kampüsü', '41.0040341', '29.0175231'),
	(61, 16, 'Göztepe Yerleşkesi (Merkez)', '40.9850209', '29.0503219'),
	(62, 17, 'Alsancak', '38.370357', '27.1997646'),
	(63, 17, 'Balçova', '38.385329', '27.1790774'),
	(64, 17, 'Bornova', '38.3944153', '27.0308358'),
	(65, 17, 'Buca ', '38.4308451', '27.1347898'),
	(72, 18, 'Ayazağa Kampüsü', '41.0904265', '29.0064717'),
	(73, 18, 'Davutpaşa Yerleşkesi', '41.026258', '28.8908198'),
	(74, 18, 'Yıldız Yerleşkesi', '41.0520861', '29.0084666'),
	(75, 19, 'Balcalı Kampüsü', '37.059684', '35.3532253'),
	(76, 20, 'Urla Yerleşkesi', '38.3214324', '26.6371841'),
	(11, 3, 'Laleli Yerleşkesi', '41.01123', '28.9601377'),
	(66, 17, 'Buca-Kaynaklar', NULL, NULL),
	(67, 17, 'Hatay', NULL, NULL),
	(68, 17, 'Narlıdere', NULL, NULL),
	(69, 17, 'Torbalı', NULL, NULL),
	(70, 17, 'İnciraltı', NULL, NULL),
	(71, 17, 'Urla', NULL, NULL);
/*!40000 ALTER TABLE `uni_campus` ENABLE KEYS */;


-- tablo yapısı dökülüyor university.uni_department
CREATE TABLE IF NOT EXISTS `uni_department` (
  `ID` int(11) NOT NULL AUTO_INCREMENT,
  `faculty_id` int(11) DEFAULT NULL,
  `department_name` varchar(255) COLLATE utf8_turkish_ci DEFAULT NULL,
  PRIMARY KEY (`ID`)
) ENGINE=InnoDB AUTO_INCREMENT=776 DEFAULT CHARSET=utf8 COLLATE=utf8_turkish_ci;

-- university.uni_department: ~413 rows (yaklaşık) tablosu için veriler indiriliyor
/*!40000 ALTER TABLE `uni_department` DISABLE KEYS */;
INSERT INTO `uni_department` (`ID`, `faculty_id`, `department_name`) VALUES
	(1, 155, 'Bilgisayar Bilimi ve Mühendisliği'),
	(2, 155, 'Elektronik Mühendisliği'),
	(3, 155, 'Endüstri Mühendisliği'),
	(4, 155, 'Üretim Mühendisliği'),
	(5, 155, 'Malzeme Bilimi ve Nanomühendislik'),
	(6, 155, 'Mekatronik Mühendisliği'),
	(7, 155, 'Moleküler Biyoloji, Genetik ve Biyomühendislik'),
	(8, 156, 'Ekonomi'),
	(9, 156, 'Görsel Sanatlar ve Görsel İletişim Tasarımı'),
	(10, 156, 'Kültürel Çalışmalar'),
	(11, 156, 'Toplumsal ve Siyasi Bilimler'),
	(12, 157, 'Yönetim Bilimleri'),
	(13, 158, 'Halkla İlişkiler ve Tanıtım(Lisans)'),
	(14, 158, 'Sosyal Hizet(Lisans)'),
	(15, 158, 'İşletme(Lisans)'),
	(16, 158, 'Sosyoloji(Lisans)'),
	(17, 158, 'Acil Durum ve Afet Yönetimi (Ön Lisans)'),
	(18, 158, 'Adalet(Ön Lisans)'),
	(19, 158, 'Bilgi Yönetimi (Ön Lisans)'),
	(20, 158, 'Bankacılık ve Sigortacılık (Ön Lisans)'),
	(21, 158, 'Bilgisayar Programcılığı (Ön Lisans)'),
	(22, 158, 'Büro Yönetimi ve Yönetici Asistanlığı (Ön Lisans)'),
	(23, 158, 'Çağrı Merkezi Hizmetleri (Ön Lisans)'),
	(24, 158, 'Çocuk Gelişimi (Ön Lisans)'),
	(25, 158, 'Dış Ticaret (Ön Lisans)'),
	(26, 158, 'Emlak ve Emlak Yönetimi (Ön Lisans)'),
	(27, 158, 'Halkla İlişkiler Ve Tanıtım (Ön Lisans)'),
	(28, 158, 'İlahiyat (Ön Lisans)'),
	(29, 158, 'İşletme Yönetimi (Ön Lisans)'),
	(30, 158, 'İş Sağlığı ve Güvenliği (Ön Lisans)'),
	(31, 158, 'Lojistik (Ön Lisans)'),
	(32, 158, 'Reklamcılık (Ön Lisans)'),
	(33, 158, 'Özek Güvenlik ve Koruma (Ön Lisans)'),
	(34, 158, 'Sağlık Kurumları İşletmeciliği (Ön Lisans)'),
	(35, 158, 'Sivil Hava Ulaştırma İşletmeciliği (Ön Lisans)'),
	(36, 158, 'Sosyal Hizmet (Ön Lisans)'),
	(37, 158, 'Tıbbi Dokümantasyon ve Sekreterlik (Ön Lisans)'),
	(38, 158, 'Turizm ve Otel İşletmeciliği (Ön Lisans)'),
	(39, 159, 'Klinik Diş Hekimliği'),
	(40, 160, 'Eczacılık Meslek Bilimleri Bölümü(Anabilim Dalı)'),
	(41, 160, 'Eczacılık Teknolojisi Bölümü'),
	(42, 160, 'Temel Eczacılık Bilimleri Bölümü'),
	(43, 161, 'Alman Dili ve Edebiyatı'),
	(44, 161, 'Amerikan Kültürü ve Edebiyatı'),
	(45, 161, 'Arap Dili ve Edebiyatı'),
	(46, 161, 'Arkeoloji'),
	(47, 161, 'Bilgi ve Belge Yönetimi'),
	(48, 161, 'Coğrafya'),
	(49, 161, 'Çağdaş Türk Lehçeleri ve Edebiyatları'),
	(50, 161, 'Fars Dili ve Edebiyatı'),
	(51, 161, 'Felsefe'),
	(52, 161, 'Fransız Dili ve Edebiyatı'),
	(53, 161, 'İngiliz Dili ve Edebiyatı'),
	(54, 161, 'Psikoloji'),
	(55, 161, 'Rus Dili ve Edebiyatı'),
	(56, 161, 'Sanat Tarihi'),
	(57, 161, 'Sosyoloji'),
	(58, 161, 'Tarih'),
	(59, 161, 'Türk Dili ve Edebiyatı'),
	(60, 162, 'Aktüerya Bilimleri'),
	(61, 162, 'Astronomi ve Astrofizik'),
	(62, 162, 'Biyoloji'),
	(63, 162, 'Fizik'),
	(64, 162, 'Kimya'),
	(65, 162, 'Matematik'),
	(66, 162, 'Moleküler Biyoloji ve Genetik'),
	(67, 163, 'Fotoğraf Bölümü'),
	(68, 163, 'Geleneksel Türk El Sanatları'),
	(69, 163, 'Grafik Bölümü'),
	(70, 163, 'Heykel Bölümü'),
	(71, 163, 'Müzik Bilimleri Bölümü'),
	(72, 163, 'Resim Bölümü'),
	(73, 163, 'Sahne Sanatları Bölümü'),
	(74, 163, 'Seramik Bölümü'),
	(75, 163, 'Sinema- TV Bölümü'),
	(76, 163, 'Tekstil ve Moda Tasarımı'),
	(77, 163, 'Temel Eğitimi Bölümü'),
	(78, 164, 'Kamu Hukuku'),
	(79, 164, 'Özel Hukuk Bölümü'),
	(80, 165, 'Çalışma Ekonomisi ve Endüstri İlişkileri Bölümü'),
	(81, 165, 'İktisat Bölümü'),
	(82, 165, 'Ekonometri Bölümü'),
	(83, 165, 'İşletme Bölümü'),
	(84, 165, 'Kamu Yönetimi Bölümü'),
	(85, 165, 'Sosyal Hizmet Bölümü'),
	(86, 165, 'Uluslararası İlişkiler Bölümü'),
	(87, 165, 'Uluslararası Ticaret ve Lojistik Bölümü'),
	(88, 165, 'Yönetim Bilişim Sistemleri Bölümü'),
	(89, 166, 'Felsefe ve Din Bilimleri Bölümü'),
	(90, 166, 'İlköğretim Din Kültürü ve Ahlak Bilgisi Eğitimi Bölümü'),
	(91, 166, 'İslam Tarihi ve Sanatları Bölümü'),
	(92, 166, 'Temel İslam Bilimleri Bölümü'),
	(93, 167, 'Gazetecilik Bölümü'),
	(94, 167, 'Halkla İlişkiler ve Tanıtım Bölümü'),
	(95, 167, 'Radyo-Televizyon ve Sinema Bölümü'),
	(96, 168, 'Beden Eğitimi ve Spor Bölümü'),
	(97, 168, 'Bilgisayar ve Öğretim Teknolojileri Eğitimi Bölümü'),
	(98, 168, 'Eğitim Bilimleri Bölümü'),
	(99, 168, 'Güzel Sanatlar Eğitimi Bölümü'),
	(100, 168, 'İlk Öğretim Bölümü'),
	(101, 168, 'Orta Öğretim Fen ve Matematik Alanları Eğitimi Bölümü'),
	(102, 168, 'Orta Öğretim Sosyal Alanlar Eğitimi Bölümü'),
	(103, 168, 'Özel Eğitim Bölümü'),
	(104, 168, 'Türkçe Eğitimi Bölümü'),
	(105, 168, 'Yabancı Diller Eğitimi Bölümü'),
	(106, 169, 'İç Mimarlık Bölümü'),
	(107, 169, 'Mimarlık Bölümü'),
	(108, 169, 'Peyzaj Mimarlığı Bölümü'),
	(109, 169, 'Şehir ve Bölge Planlama Bölümü'),
	(110, 170, 'Bilgisayar Mühendisliği'),
	(111, 170, 'Biyomedikal Mühendisliği'),
	(112, 170, 'Çevre Mühendisliği'),
	(113, 170, 'Elektrik - Elektronik Mühendisliği'),
	(114, 170, 'Endüstri Mühendisliği'),
	(115, 170, 'Enerji Sistemleri Mühendisliği'),
	(116, 170, 'İnşaat Mühendisliği'),
	(117, 170, 'Kimya Mühendisliği'),
	(118, 170, 'Makine Mühendisliği'),
	(119, 170, 'Mekatronik Mühendisliği'),
	(120, 170, 'Metalurji ve Malzeme Mühendisliği'),
	(121, 171, 'Bankacılık ve Finans Bölümü'),
	(122, 171, 'İşletme'),
	(123, 171, 'Maliye Bölümü'),
	(124, 171, 'Sosyal Hizmet Bölümü'),
	(125, 172, 'Harita Mühendisliği'),
	(126, 172, 'Jeofizik Mühendisliği'),
	(127, 172, 'Jeoloji Mühendisliği'),
	(128, 172, 'Maden Mühendisliği'),
	(129, 172, 'Petrol ve Doğal Gaz Mühendisliği'),
	(130, 173, 'Beslenme ve Diyetetik'),
	(131, 173, 'Çocuk Gelişimi'),
	(132, 173, 'Ebelik'),
	(133, 173, 'Fizyoterapi ve Rehabilitasyon'),
	(134, 173, 'Hemşirelik'),
	(135, 174, 'Antrenörlük Eğitimi Bölümü'),
	(136, 174, 'Beden Eğitimi ve Spor Öğretmenliği Bölümü'),
	(137, 174, 'Rekreasyon Bölümü'),
	(138, 174, 'Spor Yöneticiliği Bölümü'),
	(139, 175, 'Su Ürünleri Avlama ve İşleme Teknolojisi Bölümü'),
	(140, 176, 'Cerrahi Tıp Bilimleri'),
	(141, 176, 'Dahili Tıp Bilimleri'),
	(142, 176, 'Temel Tıp Bilimleri'),
	(143, 177, 'Gastronomi ve Mutfak Sanatları'),
	(144, 177, 'Rekreasyon Yönetimi'),
	(145, 177, 'Turizm İşletmeciliği'),
	(146, 177, 'Turizm Rehberliği'),
	(147, 178, 'Gıda Hijyeni ve Teknolojisi Bölümü'),
	(148, 178, 'Klinik Bilimler Bölümü'),
	(149, 178, 'Veteriner Hekimliği Temel Bilimler Bölümü'),
	(150, 178, 'Zootekni ve Hayvan Besleme Bölümü'),
	(151, 178, 'Klinik Öncesi Bilimler Bölümü'),
	(152, 179, 'Bahçe Bitkileri Bölümü'),
	(153, 179, 'Bitki Koruma Bölümü'),
	(154, 179, 'Gıda Mühendisliği Bölümü'),
	(155, 179, 'Tarım Ekonomisi Bölümü'),
	(156, 179, 'Tarım Makinaları ve Teknolojileri Mühendisliği Bölümü'),
	(157, 179, 'Tarımsal Biyoteknoloji Bölümü'),
	(158, 180, 'Harita ve Kadastro Programı'),
	(159, 180, 'Mimari Restorasyon Programı'),
	(160, 180, 'Yapı Yalıtım Teknolojisi Programı'),
	(161, 180, 'Yapı Denetim Programı'),
	(162, 180, 'İnşaat Teknolojisi Programı'),
	(163, 181, 'Bahçe Bitkileri'),
	(164, 181, 'Bitki Koruma'),
	(165, 181, 'Biyosistem Mühendisliği'),
	(166, 181, 'Tarımsal Biyoteknoloji'),
	(167, 181, 'Tarla Bitkileri'),
	(168, 181, 'Zootekni'),
	(169, 182, 'Diş Hekimliği'),
	(170, 183, 'Eczacılık '),
	(171, 184, 'Felsefe'),
	(172, 184, 'İngiliz Dili ve Edebiyatı'),
	(173, 184, 'Kafkas Dilleri ve Kültürü'),
	(174, 184, 'Rus Dili ve Edebiyatı'),
	(175, 184, 'Sanat Tarihi'),
	(176, 184, 'Sosyoloji '),
	(177, 184, 'Tarih'),
	(178, 184, 'Türk Dili ve Edebiyatı'),
	(179, 184, 'Türk Halk Bilimi'),
	(180, 184, 'Çağdaş Türk Lehçeleri ve Edebiyatları'),
	(181, 184, 'Doğu Dilleri ve Edebiyatı'),
	(182, 185, 'Sınıf Öğretmenliği'),
	(183, 185, 'Sosyal Bilgiler Öğretmenliği'),
	(184, 185, 'Fen Bilgisi Öğretmenliği'),
	(185, 185, 'İlköğretim Matematik Öğretmenliği'),
	(186, 185, 'Rehberlik ve Psikolojik Danışmanlık'),
	(187, 185, 'Almanca Öğretmenliği'),
	(188, 185, 'İngilizce Öğretmenliği'),
	(189, 186, 'Astronomi ve Uzay Bilimleri'),
	(190, 186, 'Biyoloji'),
	(191, 186, 'Fizik'),
	(192, 186, 'Kimya '),
	(193, 186, 'Matematik'),
	(194, 187, 'Heykel Bölümü'),
	(195, 187, 'Resim Bölümü'),
	(196, 187, 'Geleneksel Türk Sanatları Bölümü'),
	(197, 187, 'Görsel İletişim Tasarım Bölümü'),
	(198, 187, 'Seramik ve Cam Tasarımı Bölümü'),
	(199, 187, 'Temel Eğitim Bilimleri Bölümü'),
	(200, 188, 'Uçak Mühendisliği'),
	(201, 188, 'Uzay Mühendisliği'),
	(202, 189, 'Hukuk'),
	(203, 190, 'İktisat'),
	(204, 190, 'İktisat(İÖ)'),
	(205, 190, 'İşletme'),
	(206, 190, 'İşletme(İÖ)'),
	(207, 190, 'Maliye'),
	(208, 190, 'Maliye(İÖ)'),
	(209, 190, 'Siyaset Bilimi ve Kamu Yönetimi'),
	(210, 190, 'Uluslararası İlişkiler'),
	(211, 191, 'Temel İslam Bilimleri Bölümü'),
	(212, 191, 'Felsefe ve Din Bilimleri Bölümü'),
	(213, 191, 'İslam Tarihi ve Sanatları Bölümü'),
	(214, 191, 'İlköğretim Din Kültürü Ahlak Bilgisi'),
	(215, 192, 'Gazetecilik'),
	(216, 192, 'Halkla İlişkiler ve Tanıtım'),
	(217, 192, 'Radyo, Televizyon ve Sinema'),
	(218, 193, 'Mimarlık'),
	(219, 193, 'Şehir ve Bölge Planlama'),
	(220, 194, 'Bilgisayar Mühendisliği'),
	(221, 194, 'Biyomedikal Mühendisliği'),
	(222, 194, 'Çevre Mühendisliği'),
	(223, 194, 'Elektrik Elektronik Mühendisliği'),
	(224, 194, 'Endüstri Mühendisliği'),
	(225, 194, 'Endüstriyel Tasarım Mühendisliği'),
	(226, 194, 'Enerji Sistemleri Mühendisliği'),
	(227, 194, 'Gıda Mühendisliği'),
	(228, 194, 'Harita Mühendisliği'),
	(229, 194, 'İnşaat Mühendisliği'),
	(230, 194, 'Makine Mühendisliği'),
	(231, 194, 'Malzeme Bilimi ve Mühendisliği'),
	(232, 194, 'Mekatronik Mühendisliği'),
	(233, 194, 'Tekstil Mühendisliği'),
	(234, 195, 'Beslenme ve Diyetetik'),
	(235, 195, 'Ebelik'),
	(236, 195, 'Hemşirelik'),
	(237, 196, 'Tıp'),
	(238, 197, 'Turizm İşletmeciliği'),
	(239, 197, 'Turizm Rehberliği'),
	(240, 197, 'Gastronomi ve Mutfak Sanatları'),
	(241, 198, 'Temel Bilimler Bölümü'),
	(242, 198, 'Klinik Öncesi Bilimler Bölümü'),
	(243, 198, 'Klinik Bilimleri Bölümü'),
	(244, 198, 'Zootekni ve Hayvan Besleme Bölümü'),
	(245, 198, 'Gıda Hijyeni ve Teknolojisi Bölümü'),
	(246, 199, 'Bilgisayar Mühendisliği Bölümü'),
	(247, 199, 'Elektrik ve Elektronik Mühendisliği Bölümü'),
	(248, 199, 'Endüstri Mühendisliği Bölümü'),
	(249, 199, 'İnşaat Mühendisliği Bölümü'),
	(250, 199, 'Kimya Mühendisliği Bölümü'),
	(251, 199, 'Makina Mühendisliği Bölümü'),
	(252, 200, 'Ekonomi Bölümü'),
	(253, 200, 'İşletme Bölümü'),
	(254, 200, 'Siyaset Bilimi ve Uluslararası İlişkiler Bölümü'),
	(255, 201, 'Batı Dilleri ve Edebiyatları Bölümü'),
	(256, 201, 'Çeviribilim Bölümü'),
	(257, 201, 'Dilbilim Bölümü'),
	(258, 201, 'Felsefe Bölümü'),
	(259, 201, 'Fizik Bölümü'),
	(260, 201, 'Kimya Bölümü'),
	(261, 201, 'Matematik Bölümü'),
	(262, 201, 'Moleküler Biyoloji ve Genetik Bölümü'),
	(263, 201, 'Psikoloji Bölümü'),
	(264, 201, 'Sosyoloji Bölümü'),
	(265, 201, 'Tarih Bölümü'),
	(266, 201, 'Türk Dili ve Edebiyatı Bölümü'),
	(267, 202, 'İleri İngilizce Birimi'),
	(268, 202, 'İngilizce Hazırlık Birimi'),
	(269, 202, 'Modern Diller Birimi'),
	(270, 203, 'Bilgisayar ve Öğretim Teknolojileri Eğitimi Bölümü'),
	(271, 203, 'Eğitim Bilimleri Bölümü'),
	(272, 203, 'İlköğretim Bölümü'),
	(273, 203, 'Orta Öğretim Fen ve Matematik Alanları Eğitimi Bölümü'),
	(274, 203, 'Yabancı Diller Eğitimi Bölümü'),
	(275, 205, 'Turizm İşletmeciliği Bölümü'),
	(276, 205, 'Uluslararası Ticaret Bölümü'),
	(277, 205, 'Yönetim Bilişim Sistemleri Bölümü'),
	(278, 209, 'Diş Hekimliği'),
	(279, 210, 'Alman Dili ve Edebiyatı'),
	(280, 210, 'Arap Dili ve Edebiyatı'),
	(281, 210, 'Arkeoloji'),
	(282, 210, 'Fars Dili ve Edebiyatı'),
	(283, 210, 'Felsefe'),
	(284, 210, 'Fransız Dili ve Edebiyatı'),
	(285, 210, 'İngiliz Dili ve Edebiyatı'),
	(286, 210, 'Japon Dili ve Edebiyatı'),
	(287, 210, 'Karşılaştırmalı Edebiyat'),
	(288, 210, 'Kültür Varlıklarını Koruma ve Onarım'),
	(289, 210, 'Psikoloji'),
	(290, 210, 'Rus Dili ve Edebiyatı'),
	(291, 210, 'Sanat Tarihi'),
	(292, 210, 'Sosyoloji'),
	(293, 210, 'Tarih'),
	(294, 210, 'Türk Dili ve Edebiyatı'),
	(295, 210, 'Urdu Dili ve Edebiyatı'),
	(296, 211, 'Aktüerya'),
	(297, 211, 'Biyokimya'),
	(298, 211, 'Biyoloji'),
	(299, 211, 'Biyoteknoloji'),
	(300, 211, 'Fizik'),
	(301, 211, 'İstatistik'),
	(302, 211, 'Kimya'),
	(303, 211, 'Matematik'),
	(304, 212, 'Endüstri Ürünleri Tasarımı'),
	(305, 212, 'Fotoğraf'),
	(307, 212, 'Geleneksel Türk Sanatları'),
	(308, 212, 'Grafik'),
	(309, 212, 'Heykel'),
	(310, 212, 'İç Mimarlık ve Çevre Tasarımı'),
	(311, 212, 'Resim'),
	(312, 212, 'Seramik'),
	(313, 213, 'Hukuk'),
	(314, 214, 'İktisat'),
	(315, 214, 'İşletme'),
	(316, 214, 'Kamu Yönetimi'),
	(317, 214, 'Uluslararası İlişkiler'),
	(318, 214, 'Uluslararası Ticaret'),
	(319, 215, 'Gazetecilik'),
	(320, 215, 'Halkla İlişkiler ve Tanıtım'),
	(321, 215, 'Radyo- Televizyon ve Sinema'),
	(322, 215, 'Reklamcılık'),
	(323, 216, 'Çocuk Gelişimi ve Ev Yönetimi Eğitimi'),
	(324, 216, 'Eğitim Bilimleri'),
	(325, 216, 'El Sanatları Eğitimi'),
	(326, 216, 'Giyim Endüstrisi ve Giyim Sanatları Eğitimi'),
	(327, 216, 'Uygulamalı Sanatlar Eğitimi'),
	(328, 217, 'Bilgisayar Mühendisliği'),
	(329, 217, 'Çevre Mühendisliği'),
	(330, 217, 'Elektrik Elektronik Mühendisliği'),
	(331, 217, 'Endüstri Mühendisliği'),
	(332, 217, 'Harita Mühendisliği'),
	(333, 217, 'İnşaat Mühendisliği'),
	(334, 217, 'Jeoloji Mühendisliği'),
	(335, 217, 'Kimya Mühendisliği'),
	(336, 217, 'Maden Mühendisliği'),
	(337, 217, 'Makine Mühendisliği'),
	(338, 217, 'Metalurji ve Malzeme Mühendisliği'),
	(339, 218, 'Mimarlık'),
	(340, 218, 'Şehir ve Bölge Planlama'),
	(341, 219, 'Beslenme ve Diyetetik'),
	(342, 219, 'Çocuk Gelişimi'),
	(343, 219, 'Ebelik'),
	(344, 219, 'Hemşirelik'),
	(345, 219, 'Sağlık Yönetimi'),
	(346, 219, 'Sosyal Hizmet'),
	(347, 220, 'Tıp'),
	(348, 221, 'Eğitim'),
	(349, 221, 'Elektronik ve Bilgisayar Eğitimi'),
	(350, 221, 'Makina Eğitimi'),
	(351, 222, 'Veterinerlik'),
	(352, 223, 'Bahçe Bitkileri'),
	(353, 223, 'Bitki Koruma'),
	(354, 223, 'Gıda Mühendisliği'),
	(355, 223, 'Peyzaj Mimarlığı'),
	(356, 223, 'Tarım Ekonomisi'),
	(357, 223, 'Tarım Makinaları ve Teknolojileri Mühendisliği'),
	(358, 223, 'Tarımsal Yapılar ve Sulama'),
	(359, 223, 'Tarla Bitkileri'),
	(360, 223, 'Toprak Bilimi ve Bitki Besleme'),
	(361, 223, 'Zootekni'),
	(362, 224, 'Ayakkabı Tasarımı ve Üretimi'),
	(363, 224, 'El Sanatları Tasarımı ve Üretimi'),
	(364, 224, 'Moda Tasarımı'),
	(365, 224, 'Seramik Tasarımı'),
	(366, 224, 'Tekstil Tasarımı ve Üretimi'),
	(367, 225, 'Bilgisayar Mühendisliği'),
	(368, 225, 'Biyomedikal Mühendisliği'),
	(369, 225, 'Elektrik Elektronik Mühendisliği'),
	(370, 225, 'İmalat Mühendisliği'),
	(371, 225, 'Makine Mühendisliği'),
	(372, 225, 'Mekatronik Mühendisliği'),
	(373, 225, 'Metalurji ve Malzeme Mühendisliği'),
	(374, 226, 'Gastronomi ve Mutfak Sanatları'),
	(375, 226, 'Rekreasyon Yönetimi'),
	(376, 226, 'Seyahat İşletmeciliği'),
	(377, 226, 'Seyahat İşletmeciliği ve Turizm Rehberliği'),
	(378, 226, 'Turizm İşletmeciliği'),
	(379, 227, 'Tıp'),
	(380, 228, 'Diş Hekimliği'),
	(381, 231, 'Canlandırma Film'),
	(382, 231, 'Endüstri Ürünleri Tasarımı'),
	(383, 231, 'Fotoğraf'),
	(384, 231, 'Geleneksel Türk Sanatları'),
	(385, 231, 'Grafik'),
	(386, 231, 'Heykel'),
	(387, 231, 'İç Mimarlık'),
	(388, 231, 'Müzik'),
	(389, 231, 'Resim'),
	(390, 231, 'Seramik ve Cam'),
	(391, 231, 'Film Tasarımı'),
	(392, 231, 'Tekstil '),
	(393, 231, 'Temel Eğitim'),
	(394, 232, 'Gazetecilik'),
	(395, 232, 'Halkla İlişkiler ve Tanıtım'),
	(396, 232, 'Radyo Televizyon ve Sinema'),
	(397, 233, 'Anestezi'),
	(398, 233, 'Diş Protez Teknolojisi'),
	(399, 233, 'İlk ve Acil Yardım'),
	(400, 233, 'Patoloji Laboratuvar Teknikleri'),
	(401, 233, 'Tıbbi Görüntüleme Teknikleri'),
	(402, 233, 'Tıbbi Laboratuvar Teknikleri'),
	(403, 234, 'Siyaset Bilimi ve Uluslararası İlişkiler (İngilizce)'),
	(404, 234, 'Siyaset Bilimi ve Uluslararası İlişkiler '),
	(405, 234, 'Kamu Yönetimi'),
	(406, 234, 'Kamu Yönetimi (Fransızca)'),
	(407, 234, 'Yerel Yönetimler'),
	(408, 235, 'Antrenörlük Eğitimi'),
	(409, 235, 'Beden Eğitimi ve Spor Öğretmenliği'),
	(410, 235, 'Spor Yöneticiliği'),
	(411, 236, 'Bankacılık ve Sigortacılık'),
	(412, 236, 'Bankacılık ve Sigortacılık (İÖ)'),
	(413, 236, 'Büro Yönetimi ve Yönetici Asistanlığı'),
	(414, 236, 'Büro Yönetimi ve Yönetici Asistanlığı (İÖ)'),
	(415, 236, 'Dış Ticaret'),
	(416, 236, 'Dış Ticaret (İÖ)'),
	(417, 236, 'Dış Ticaret (Uzaktan Öğretim)'),
	(418, 236, 'Muhasebe ve Vergi Uygulamaları'),
	(419, 236, 'Muhasebe ve Vergi Uygulamaları (İÖ)'),
	(420, 236, 'Muhasebe ve Vergi Uygulamaları (Uzaktan Öğretim)'),
	(421, 236, 'Pazarlama'),
	(422, 236, 'Pazarlama (İÖ)'),
	(423, 236, 'Pazarlama (Uzaktan Öğretim)'),
	(424, 236, 'Turizm Rehberliği'),
	(425, 236, 'Turizm ve Otel İşletmeciliği'),
	(426, 236, 'Turizm ve Otel İşletmeciliği (İÖ)'),
	(427, 236, 'Turizm ve Seyahat Hizmetleri'),
	(428, 236, 'Yerel Yönetimler'),
	(429, 237, 'Fizyoterapi ve Rehabilitasyon'),
	(430, 237, 'Beslenme ve Diyetetik'),
	(431, 237, 'Hemşirelik'),
	(432, 237, 'Sağlık Yönetimi'),
	(433, 237, 'Ebelik'),
	(434, 238, 'İlahiyat (İngilizce)'),
	(435, 238, 'İlahiyat (Arapça)'),
	(436, 238, 'İlahiyat'),
	(437, 238, 'İlahiyat (İÖ)'),
	(438, 239, 'İşletme (İngilizce)'),
	(439, 239, 'İşletme (Almanca)'),
	(440, 239, 'İşletme Enformatiği (Almanca)'),
	(441, 239, 'İşletme'),
	(442, 239, 'İşletme Yönetimi (İngilizce) (UOLP-ABD North Carolina Üniversitesi (UNCW)) (Ücretli)'),
	(443, 239, 'İşletme (İÖ)'),
	(444, 240, 'Adalet'),
	(445, 241, 'Eczacılık'),
	(446, 242, 'Hukuk'),
	(447, 242, 'Hukuk(İÖ)'),
	(448, 243, 'İngilizce Öğretmenliği (İngilizce)'),
	(449, 243, 'Türk Dili ve Edebiyatı Öğretmenliği'),
	(450, 243, 'Türkçe Öğretmenliği'),
	(451, 243, 'Coğrafya Öğretmenliği'),
	(452, 243, 'Zihin Engelliler Öğretmenliği'),
	(453, 243, 'Rehberlik ve Psikolojik Danışmanlık'),
	(454, 243, 'Tarih Öğretmenliği	'),
	(455, 243, 'Matematik Öğretmenliği'),
	(456, 243, 'Zihin Engelliler Öğretmenliği (İÖ)'),
	(457, 243, 'İlköğretim Matematik Öğretmenliği'),
	(458, 243, 'Okul Öncesi Öğretmenliği'),
	(459, 243, 'Fransızca Öğretmenliği (Fransızca) (KKTC Uyruklu)'),
	(460, 243, 'Fransızca Öğretmenliği (Fransızca)'),
	(461, 243, 'Sosyal Bilgiler Öğretmenliği'),
	(462, 243, 'Sınıf Öğretmenliği'),
	(463, 243, 'Kimya Öğretmenliği'),
	(464, 243, 'Bilgisayar ve Öğretim Teknolojileri Öğretmenliği'),
	(465, 243, 'Fen Bilgisi Öğretmenliği'),
	(466, 243, 'Biyoloji Öğretmenliği'),
	(467, 243, 'Fizik Öğretmenliği'),
	(468, 243, 'Almanca Öğretmenliği (Almanca)'),
	(469, 244, 'Mütercim-Tercümanlık (İngilizce)'),
	(470, 244, 'Türk Dili ve Edebiyatı'),
	(471, 244, 'Tarih'),
	(472, 244, 'Coğrafya	'),
	(473, 244, 'Sosyoloji (İngilizce)'),
	(474, 244, 'Sanat Tarihi	'),
	(475, 244, 'Bilgi ve Belge Yönetimi'),
	(476, 244, 'Matematik'),
	(477, 244, 'Kimya'),
	(478, 244, 'Biyoloji'),
	(479, 244, 'Fizik'),
	(480, 244, 'Alman Dili ve Edebiyatı'),
	(481, 245, 'Elektrik-Elektronik Mühendisliği (İngilizce)'),
	(482, 245, 'Endüstri Mühendisliği (İngilizce)'),
	(483, 245, 'Bilgisayar Mühendisliği (İngilizce)'),
	(484, 245, 'Makine Mühendisliği (İngilizce)'),
	(485, 245, 'Elektrik-Elektronik Mühendisliği'),
	(486, 245, 'Mekatronik Mühendisliği'),
	(487, 245, 'Makine Mühendisliği'),
	(488, 245, 'Kimya Mühendisliği'),
	(489, 245, 'Biyomühendislik (İngilizce)'),
	(490, 245, 'Metalurji ve Malzeme Mühendisliği (İngilizce)'),
	(491, 245, 'Çevre Mühendisliği (İngilizce)'),
	(492, 245, 'Kimya Mühendisliği (KKTC Uyruklu)'),
	(493, 245, 'Mekatronik Mühendisliği (KKTC Uyruklu)'),
	(494, 246, 'İktisat (İngilizce)'),
	(495, 246, 'Maliye'),
	(496, 246, 'İktisat'),
	(497, 246, 'Maliye (İÖ)'),
	(498, 246, 'Çalışma Ekonomisi ve Endüstri İlişkileri	'),
	(499, 246, 'İktisat (İÖ)'),
	(500, 246, 'Ekonometri'),
	(501, 246, 'Çalışma Ekonomisi ve Endüstri İlişkileri (İÖ)'),
	(502, 246, 'Ekonometri (İÖ)'),
	(503, 248, 'Elektrik-Elektronik Mühendisliği'),
	(504, 248, 'Mekatronik Mühendisliği'),
	(505, 248, 'Makine Mühendisliği'),
	(506, 248, 'Metalurji ve Malzeme Mühendisliği'),
	(507, 248, 'Elektrik-Elektronik Mühendisliği (M.T.O.K.)'),
	(508, 248, 'Mekatronik Mühendisliği (M.T.O.K.)'),
	(509, 248, 'Makine Mühendisliği (M.T.O.K.)'),
	(510, 248, 'Tekstil Mühendisliği'),
	(511, 248, 'Metalurji ve Malzeme Mühendisliği (M.T.O.K.)'),
	(512, 248, 'Tekstil Mühendisliği (M.T.O.K.)'),
	(519, 248, 'Mekatronik Mühendisliği (KKTC Uyruklu)'),
	(520, 249, 'Aktüerya (KKTC Uyruklu)'),
	(521, 249, 'Bankacılık'),
	(522, 249, 'Sermaye Piyasası'),
	(523, 249, 'Aktüerya'),
	(524, 249, 'Sigortacılık'),
	(525, 249, 'Bankacılık (KKTC Uyruklu)'),
	(526, 249, 'Sigortacılık (KKTC Uyruklu)'),
	(527, 250, 'Takı Tasarımı'),
	(528, 252, 'Basım ve Yayın Teknolojileri'),
	(529, 252, 'Basım ve Yayın Teknolojileri (İÖ)'),
	(530, 252, 'Basım ve Yayın Teknolojileri (KKTC Uyruklu)'),
	(531, 252, 'Bilgisayar Programcılığı'),
	(532, 252, 'Bilgisayar Programcılığı (İÖ)'),
	(533, 252, 'Bilgisayar Programcılığı (Uzaktan Öğretim)'),
	(534, 252, 'Biyomedikal Cihaz Teknolojisi'),
	(535, 252, 'Elektrik'),
	(536, 252, 'Elektrik (İÖ)'),
	(537, 252, 'Elektronik Haberleşme Teknolojisi'),
	(538, 252, 'Elektronik Haberleşme Teknolojisi (İÖ)'),
	(539, 252, 'Elektronik Teknolojisi'),
	(540, 252, 'Elektronik Teknolojisi (İÖ)'),
	(541, 252, 'Giyim Üretim Teknolojisi'),
	(542, 252, 'Giyim Üretim Teknolojisi (İÖ)'),
	(543, 252, 'İşçi Sağlığı ve İş Güvenliği'),
	(544, 252, 'İşçi Sağlığı ve İş Güvenliği (İÖ)'),
	(545, 252, 'İşçi Sağlığı ve İş Güvenliği (Uzaktan Öğretim)'),
	(546, 252, 'Kontrol ve Otomasyon Teknolojisi'),
	(547, 252, 'Makine'),
	(548, 252, 'Makine (İÖ)'),
	(549, 252, 'Moda Tasarımı'),
	(550, 252, 'Moda Tasarımı (İÖ)'),
	(551, 252, 'Moda Tasarımı (Uzaktan Öğretim)'),
	(552, 253, 'Mimarlık'),
	(553, 253, 'Şehir ve Bölge Planlama'),
	(554, 253, 'Şehir ve Bölge Planlama (KKTC Uyruklu)'),
	(555, 254, '	Tıp'),
	(556, 255, 'Fizyoterapi ve Rehabilitasyon'),
	(557, 256, 'Hemşirelik'),
	(558, 257, 'Anestezi'),
	(559, 257, 'İlk ve Acil Yardım'),
	(560, 257, 'Nükleer Tıp Teknikleri'),
	(561, 257, 'Odyometri'),
	(562, 257, 'Radyoterapi'),
	(563, 257, 'Tıbbi Dokümantasyon ve Sekreterlik'),
	(564, 257, 'Tıbbi Görüntüleme Teknikleri'),
	(565, 257, 'Tıbbi Görüntüleme Teknikleri (KKTC Uyruklu)'),
	(566, 257, 'Tıbbi Laboratuvar Teknikleri'),
	(567, 258, 'Elektrik-Elektronik Mühendisliği (İngilizce)'),
	(568, 258, 'Endüstri Mühendisliği'),
	(569, 258, 'Bilgisayar Mühendisliği (İngilizce)'),
	(570, 258, 'İnşaat Mühendisliği'),
	(571, 258, 'Makine Mühendisliği'),
	(572, 258, 'İnşaat Mühendisliği (İÖ)'),
	(573, 258, 'Makine Mühendisliği (İÖ)'),
	(574, 258, 'Bilgisayar Mühendisliği (İngilizce) (KKTC Uyruklu)'),
	(575, 258, 'Metalurji ve Malzeme Mühendisliği'),
	(576, 258, 'Çevre Mühendisliği'),
	(577, 258, 'Tekstil Mühendisliği'),
	(578, 258, 'Jeoloji Mühendisliği'),
	(579, 258, 'Maden Mühendisliği'),
	(580, 258, 'Jeofizik Mühendisliği'),
	(581, 258, 'Jeofizik Mühendisliği (KKTC Uyruklu)'),
	(582, 260, 'Kamu Yönetimi'),
	(583, 260, 'Kamu Yönetimi (İÖ)'),
	(584, 260, 'Yönetim Bilişim Sistemleri'),
	(585, 260, 'İktisat'),
	(586, 260, 'Maliye (İÖ)'),
	(587, 260, 'İşletme'),
	(588, 260, 'Çalışma Ekonomisi ve Endüstri İlişkileri	'),
	(589, 260, 'İktisat (KKTC Uyruklu)'),
	(590, 260, 'Ekonometri'),
	(591, 260, 'Çalışma Ekonomisi ve Endüstri İlişkileri (İÖ)'),
	(592, 260, 'İşletme (İÖ)'),
	(593, 260, 'İktisat (İÖ)'),
	(594, 260, 'Ekonometri (İÖ)'),
	(595, 261, 'Hukuk'),
	(596, 262, 'Adalet'),
	(597, 263, 'İngilizce Öğretmenliği (İngilizce)'),
	(598, 263, 'Türk Dili ve Edebiyatı Öğretmenliği'),
	(599, 263, 'Türkçe Öğretmenliği'),
	(600, 263, 'Zihin Engelliler Öğretmenliği'),
	(601, 263, 'Coğrafya Öğretmenliği	'),
	(602, 263, 'Rehberlik ve Psikolojik Danışmanlık'),
	(603, 263, 'Zihin Engelliler Öğretmenliği (İÖ)'),
	(604, 263, 'Tarih Öğretmenliği'),
	(605, 263, 'Matematik Öğretmenliği'),
	(606, 263, 'İlköğretim Matematik Öğretmenliği'),
	(607, 263, 'Okul Öncesi Öğretmenliği'),
	(608, 263, 'Sosyal Bilgiler Öğretmenliği'),
	(609, 263, 'Sınıf Öğretmenliği'),
	(610, 263, 'Okul Öncesi Öğretmenliği (İÖ)'),
	(611, 264, 'Bilgisayar Programcılığı'),
	(612, 264, 'Bilgisayar Programcılığı (İÖ)'),
	(613, 264, 'Bilgisayar Programcılığı (Uzaktan Öğretim)'),
	(614, 264, 'Biyomedikal Cihaz Teknolojisi'),
	(615, 264, 'Biyomedikal Cihaz Teknolojisi (İÖ)'),
	(616, 264, 'Biyomedikal Cihaz Teknolojisi (KKTC Uyruklu)'),
	(617, 264, 'Büro Yönetimi ve Yönetici Asistanlığı'),
	(618, 264, 'Büro Yönetimi ve Yönetici Asistanlığı (İÖ)'),
	(619, 264, 'Döküm'),
	(620, 264, 'Döküm (İÖ)'),
	(621, 264, 'Elektrik'),
	(622, 264, 'Elektrik (İÖ)'),
	(623, 264, 'Elektronik Haberleşme Teknolojisi'),
	(624, 264, 'Elektronik Haberleşme Teknolojisi (İÖ)'),
	(625, 264, 'Elektronik Teknolojisi'),
	(626, 264, 'Elektronik Teknolojisi (İÖ)'),
	(627, 264, 'Harita ve Kadastro'),
	(628, 264, 'Harita ve Kadastro (İÖ)'),
	(629, 264, 'İklimlendirme ve Soğutma Teknolojisi'),
	(630, 264, 'İklimlendirme ve Soğutma Teknolojisi (İÖ)'),
	(631, 264, 'İnşaat Teknolojisi	'),
	(632, 264, 'İnşaat Teknolojisi (İÖ)'),
	(633, 264, 'Kimya Teknolojisi'),
	(634, 264, 'Kimya Teknolojisi (İÖ)	'),
	(635, 264, 'Kuyumculuk ve Takı Tasarımı'),
	(636, 264, 'Kuyumculuk ve Takı Tasarımı (İÖ)'),
	(637, 264, 'Makine'),
	(638, 264, 'Makine (İÖ)'),
	(639, 264, 'Makine, Resim ve Konstrüksiyon'),
	(640, 264, 'Makine, Resim ve Konstrüksiyon (İÖ)'),
	(641, 264, 'Mekatronik'),
	(642, 264, 'Mekatronik (İÖ)'),
	(643, 264, 'Muhasebe ve Vergi Uygulamaları'),
	(644, 264, 'Muhasebe ve Vergi Uygulamaları (İÖ)'),
	(645, 264, 'Pazarlama'),
	(646, 264, 'Pazarlama (İÖ)'),
	(647, 264, 'Sağlık Kurumları İşletmeciliği'),
	(648, 264, 'Tarımsal İşletmecilik'),
	(649, 264, 'Tarımsal İşletmecilik (İÖ)'),
	(650, 264, 'Tekstil Teknolojisi'),
	(651, 264, 'Turizm ve Otel İşletmeciliği'),
	(652, 264, 'Turizm ve Otel İşletmeciliği (İÖ)'),
	(653, 264, 'Yapı Tesisat Teknolojisi'),
	(654, 264, 'Yapı Tesisat Teknolojisi (İÖ)'),
	(655, 264, 'Yerel Yönetimler'),
	(656, 264, 'Yerel Yönetimler (İÖ)'),
	(657, 265, 'Matematik (İngilizce)'),
	(658, 265, 'Matematik (İngilizce) (KKTC Uyruklu)'),
	(659, 265, 'Bilgisayar Bilimleri'),
	(660, 265, 'İstatistik'),
	(661, 265, 'Kimya'),
	(662, 265, 'Fizik'),
	(663, 266, 'Mütercim-Tercümanlık (İngilizce)v'),
	(664, 266, 'Psikoloji'),
	(665, 266, 'Amerikan Kültürü ve Edebiyatı (İngilizce)'),
	(666, 266, 'Türk Dili ve Edebiyatı'),
	(667, 266, 'Dilbilim'),
	(668, 266, 'Tarih'),
	(669, 266, 'Sosyoloji'),
	(670, 266, 'Karşılaştırmalı Edebiyat'),
	(671, 266, 'Tarih (İÖ)'),
	(672, 266, 'Sosyoloji (İÖ)'),
	(673, 266, 'Felsefe'),
	(674, 266, 'Müzecilik'),
	(675, 266, 'Felsefe (KKTC Uyruklu)'),
	(676, 266, 'Arkeoloji'),
	(677, 266, 'Arkeoloji (İÖ)'),
	(678, 267, 'Uluslararası İlişkiler (İngilizce)'),
	(679, 267, 'İşletme (İngilizce)'),
	(680, 267, 'Uluslararası İşletmecilik ve Ticaret (İngilizce)'),
	(681, 267, 'İktisat (İngilizce)'),
	(682, 267, 'Turizm İşletmeciliği (İngilizce)'),
	(683, 267, 'İktisat (İngilizce) (UOLP-New York Eyalet Üniversitesi (SUNY Albany)) (Ücretli)'),
	(684, 267, '	İşletme (İngilizce) (UOLP-New York Eyalet Üniversitesi (SUNY Albany)) (Ücretli)'),
	(685, 267, 'Uluslararası İlişkiler (İngilizce) (UOLP-New York Eyalet Üniversitesi (SUNY Albany)) (Ücretli)'),
	(686, 268, 'Elektrik-Elektronik Mühendisliği (İngilizce)'),
	(687, 268, 'Endüstri Mühendisliği'),
	(688, 268, 'Bilgisayar Mühendisliği (İngilizce)'),
	(689, 268, 'İnşaat Mühendisliği'),
	(690, 268, 'Makine Mühendisliği'),
	(691, 268, 'İnşaat Mühendisliği (İÖ)'),
	(692, 268, 'Makine Mühendisliği (İÖ)'),
	(693, 268, 'Bilgisayar Mühendisliği (İngilizce) (KKTC Uyruklu)'),
	(694, 268, 'Metalurji ve Malzeme Mühendisliği'),
	(695, 268, 'Çevre Mühendisliği'),
	(696, 268, 'Tekstil Mühendisliği'),
	(697, 268, 'Jeoloji Mühendisliği'),
	(698, 268, 'Maden Mühendisliği'),
	(699, 268, 'Jeofizik Mühendisliği'),
	(700, 268, 'Jeofizik Mühendisliği (KKTC Uyruklu)'),
	(701, 269, 'İlahiyat'),
	(702, 269, 'İlahiyat (İÖ)'),
	(703, 270, 'Film Tasarım ve Yönetmenliği'),
	(704, 270, 'Film Tasarım ve Yazarlık'),
	(705, 270, 'Canlandırma Filmi Tasarım ve Yönetimi'),
	(706, 270, 'Kurgu-Ses ve Görüntü Yönetimi'),
	(707, 272, 'Doğal Yapı Taşları Teknolojisi'),
	(708, 272, 'Endüstriyel Cam ve Seramik'),
	(709, 272, 'Geoteknik'),
	(710, 272, 'Sondaj Teknolojisi'),
	(711, 274, 'Denizcilik İşletmeleri Yönetimi (İngilizce)'),
	(712, 274, 'Lojistik Yönetimi (İngilizce)'),
	(713, 274, 'Gemi Makineleri İşletme Mühendisliği (İngilizce)'),
	(714, 274, 'Deniz Ulaştırma İşletme Mühendisliği (İngilizce)'),
	(715, 274, '	Denizcilik İşletmeleri Yönetimi (İngilizce) (UOLP-Maine Maritime Academy) (Ücretli)'),
	(716, 274, 'Deniz Ulaştırma İşletme Mühendisliği (İngilizce) (UOLP-Maine Maritime'),
	(717, 274, 'Gemi Makineleri İşletme Mühendisliği (İngilizce) (UOLP-Maine Maritime'),
	(718, 275, 'Mimari Restorasyon'),
	(719, 276, 'Matematik Mühendisliği (İngilizce)'),
	(720, 276, 'Kimya Mühendisliği (İngilizce)'),
	(721, 276, 'Matematik Mühendisliği'),
	(722, 276, 'Metalurji ve Malzeme Mühendisliği (İngilizce)'),
	(723, 276, 'Kimya Mühendisliği'),
	(724, 276, 'Biyomühendislik (İngilizce)'),
	(725, 276, 'Gıda Mühendisliği'),
	(726, 276, 'Biyomühendislik'),
	(727, 276, 'Metalurji ve Malzeme Mühendisliği'),
	(728, 276, 'Kimya Mühendisliği (KKTC Uyruklu)'),
	(729, 277, 'Moleküler Biyoloji ve Genetik'),
	(730, 277, 'Türk Dili ve Edebiyatı'),
	(731, 277, 'Kimya (İngilizce)'),
	(732, 277, 'Matematik'),
	(733, 277, 'Kimya'),
	(734, 277, 'İstatistik'),
	(735, 277, 'Fizik'),
	(736, 277, 'Mütercim-Tercümanlık (Fransızca)'),
	(737, 277, 'Matematik (KKTC Uyruklu)'),
	(738, 279, 'İnşaat Mühendisliği (İngilizce)	'),
	(739, 279, 'İnşaat Mühendisliği'),
	(740, 279, 'Harita Mühendisliği'),
	(741, 279, 'Çevre Mühendisliği'),
	(742, 279, 'Harita Mühendisliği (KKTC Uyruklu)'),
	(743, 280, 'Bilgisayar Mühendisliği	'),
	(744, 280, 'Elektronik ve Haberleşme Mühendisliği'),
	(745, 280, 'Elektrik Mühendisliği'),
	(746, 280, 'Kontrol ve Otomasyon Mühendisliği (İngilizce)'),
	(747, 280, 'Kontrol ve Otomasyon Mühendisliği'),
	(748, 280, 'Elektronik ve Haberleşme Mühendisliği (KKTC Uyruklu)'),
	(749, 281, 'İngilizce Öğretmenliği'),
	(750, 281, 'Türkçe Öğretmenliği'),
	(751, 281, 'Rehberlik ve Psikolojik Danışmanlık'),
	(752, 281, 'Okul Öncesi Öğretmenliği'),
	(753, 281, 'İlköğretim Matematik Öğretmenliği'),
	(754, 281, 'Sosyal Bilgiler Öğretmenliği'),
	(755, 281, 'Sınıf Öğretmenliği'),
	(756, 281, 'Bilgisayar ve Öğretim Teknolojileri Öğretmenliği'),
	(757, 281, '	Fen Bilgisi Öğretmenliği'),
	(758, 282, 'İletişim Tasarımı'),
	(759, 282, 'Sanat Yönetimi'),
	(760, 283, 'Endüstri Mühendisliği (İngilizce)'),
	(761, 283, 'Endüstri Mühendisliği'),
	(762, 283, 'Mekatronik Mühendisliği (İngilizce)'),
	(763, 283, 'Mekatronik Mühendisliği'),
	(764, 283, 'Makine Mühendisliği'),
	(765, 284, 'Mimarlık (İngilizce)'),
	(766, 284, 'Mimarlık'),
	(767, 284, 'Şehir ve Bölge Planlama'),
	(768, 285, 'İktisat (İngilizce)'),
	(769, 285, 'Siyaset Bilimi ve Uluslararası İlişkiler'),
	(770, 285, 'İşletme'),
	(771, 285, 'İktisat'),
	(772, 285, 'Siyaset Bilimi ve Uluslararası İlişkiler (KKTC Uyruklu)'),
	(773, 286, 'Gemi İnşaatı ve Gemi Makineleri Mühendisliği'),
	(774, 286, 'Gemi Makineleri İşletme Mühendisliği'),
	(775, 287, NULL);
/*!40000 ALTER TABLE `uni_department` ENABLE KEYS */;


-- tablo yapısı dökülüyor university.uni_info
CREATE TABLE IF NOT EXISTS `uni_info` (
  `ID` int(11) NOT NULL AUTO_INCREMENT,
  `Uni_Name` varchar(255) COLLATE utf8_turkish_ci DEFAULT NULL,
  `Uni_Desc` text COLLATE utf8_turkish_ci,
  `Uni_Loc` varchar(255) COLLATE utf8_turkish_ci DEFAULT NULL,
  `Uni_Latitude` varchar(10) COLLATE utf8_turkish_ci DEFAULT NULL,
  `Uni_Longitude` varchar(10) COLLATE utf8_turkish_ci DEFAULT NULL,
  `Uni_Type` varchar(10) COLLATE utf8_turkish_ci DEFAULT NULL,
  PRIMARY KEY (`ID`)
) ENGINE=InnoDB AUTO_INCREMENT=21 DEFAULT CHARSET=utf8 COLLATE=utf8_turkish_ci;

-- university.uni_info: ~23 rows (yaklaşık) tablosu için veriler indiriliyor
/*!40000 ALTER TABLE `uni_info` DISABLE KEYS */;
INSERT INTO `uni_info` (`ID`, `Uni_Name`, `Uni_Desc`, `Uni_Loc`, `Uni_Latitude`, `Uni_Longitude`, `Uni_Type`) VALUES
	(1, 'ODTÜ', 'Orta Doğu Teknik Üniversitesi, Türkiye ve Orta Doğu ülkelerinin kalkınmalarına katkıda bulunmak, özellikle fen bilimleri ve sosyal bilimler alanlarında eleman yetiştirmek üzere 15 Kasım 1956 tarihinde "Orta Doğu Yüksek Teknoloji Enstitüsü" adıyla devlet üniversitesi statüsünde eğitime başlamıştır. İçel-Erdemli\'de bulunan Deniz Bilimleri Enstitüsü ve Kuzey Kıbrıs Kampüsü dışında üniversitenin bütün fakülteleri ve bölümleri, Ankara\'da bulunan merkez yerleşkede bulunmaktadır. 28.000\'den fazla öğrencinin öğrenim gördüğü 3\'ü uluslararası ortak program olmak üzere 43 lisans programının yürütüldüğü 5 Fakülte, 107 yüksek lisans ve 69 doktora programının yürütüldüğü 5 Enstitü, İngilizce eğitimi veren Yabancı Diller Yüksek Okulu, ODTÜ Kuzey Kıbrıs Kampüsü\'ne bağlı 15 lisans programı ve 3 yüksek lisans programında 1.115 öğretim üyesi (Prof., Doç., Yrd.Doç.), 324 öğretim görevlisi, 1.259 araştırma görevlisi görev almaktadır.', 'Üniversiteler, Dumlupınar Bulvarı No:1, 06800 Çankaya/Ankara', '39.8928644', '32.7789416', 'Devlet'),
	(2, 'Hacettepe Üniversitesi', 'Hacettepe Üniversitesi ilham verici bir dünya markası olan; öğrencisi, personeli ve mezunu olmaktan gurur duyulan; değişime ve gelişime liderlik eden bir üniversite olma vizyonu ile 8 Temmuz 1967’de ile tıp, sağlık bilimleri, fen ve sosyal bilimler fakülteleri ile hizmet vermeye başlamıştır. 14 fakülte, 14 enstitü, 1 yüksekokul, 3 meslek yüksekokulu, 1 konservatuvar, Teknokent ve Teknoloji Transfer Merkezi, 85 uygulama ve araştırma merkezi, öğrenci kulüpleri, spor ve kültür tesisleri, öğrenci kasabası, yurtlar, laboratuvarlar, kütüphaneler, bilgi-iletişim altyapısı, sanat müzesi, kongre merkezleri ile merkez yerleşkesinin Sıhhıye olduğu dört yerleşkeye ( Beytepe, Beşevler, Polatlı ) sahiptir. Bilim, teknoloji, görsel ve işitsel sanat alanlarında yürüttüğü araştırmalar ve verdiği eğitim-öğretimle, değişime ve gelişime açık bireyler yetiştirmeyi, her alandaki birikimini toplum yararına sunmayı görev edinen Hacettepe bünyesinde 3495 akademik personel görev yapmakta, 36112 öğrenci de öğrenim görmektedir.', 'Üniversiteler, Hacettepe Beytepe Kampüsü 35 A, 06800 Çankaya/Ankara', '39.870568', '32.7283744', 'Devlet'),
	(3, 'İstanbul Üniversitesi', '18 Kasım 1933\'te Doğu ile Batıyı, geçmişle geleceği buluşturan, ülkemize ve insanlığa yararlı bilgi üreten ve yetkin bireyler yetiştiren öncü üniversite olma misyonuyla kurulan İstanbul Üniversitesi\'nin kökleri 30 Mayıs 1453\'e kadar uzanmaktadır. İstanbul Üniversitesi, Beyazıt Merkez, Laleli-Vezneciler, Vefa, Horhor, Avcılar, Çapa, Cerrahpaşa, Şişli, Kadıköy, Bahçeköy, Bakırköy ve Büyükçekmece olmak üzere 12 farklı yerleşkede faaliyetlerini sürdürmektedir. 178.901 öğrencinin öğrenim gördüğü 20 fakülte 8 yüksekokul, 17 enstitü, 61 uygulama ve araştırma merkezi ve devlet konservatuvarında, 5100 akademik, 7000 idari personel görev yapmaktadır.', 'İstanbul Üniversitesi Merkez Kampüsü, 34452 Beyazıt/Fatih-İstanbul', '41.0132682', '28.9624142', 'Devlet'),
	(4, 'Ankara Üniversitesi', 'Ankara Üniversitesi, 1946 yılında Atatürk ilke inkılâplarının dayanaklarını oluşturmak, bu ilke ve inkılâpları yurt geneline yaymak, kökleştirmek ve çağdaşlığın, bilimin ve aydınlığın ifadesi olan bu değerlerin yılmaz savunuculuğunu yapmak üzere, temeli bizzat yüce Atatürk tarafından atılan Ankara\'da kurulmuş bir devlet üniversitesidir. Ankara Üniversitesi’ne bağlı 5 yerleşkede,17 fakülte, 1 yüksekokul, 10 meslek yüksekokulu ve 1 Devlet Konservatuvarı, 13 enstitü ve 42 araştırma, uygulama ve eğitim merkezi bulunmakta ve bu birimlerde 68476 öğrenci öğrenim görmektedir. Nitelikli araştırmalar yapan, bilgi ve yeteneklerini insanlık ve ülke yararına kullanan ve evrensel düzeyde fark yaratarak geleceğe yön veren yenilikçi üniversite olma vizyonu ile hareket eden Ankara Üniversitesi bünyesinde 4293 akademik personel ile 5687 idari personel görev yapmaktadır.', 'Ankara Üniversitesi Rektörlüğü, Dögol Caddesi 06100, Tandoğan / Ankara / Türkiye', '39.934876', '32.8311283', 'Devlet'),
	(5, 'Gebze Teknik Üniversitesi', 'Gebze Teknik Üniversitesi 11 Temmuz 1992 tarihinde araştırma ve teknoloji üretimi öncelikli bir ihtisas üniversitesi olarak Kocaeli il sınırları içerisinde Dünya’da saygın üniversiteler arasında yer alan bir ihtisas üniversitesi olma vizyonuyla devlet üniversitesi statüsünde kurulmuştur. Bünyesinde bulunan 4 fakülte, 10 enstitü ve 4 araştırma ve uygulama merkezinde 5000 öğrenci eğitim görmektedir. 165 doktoralı öğretim elemanının çalıştığı üniversitede, bilimselliğinin ve üretkenliğinin göstergelerinden biri olan öğretim üyesi başına düşen uluslararası yayın sayısı bakımından devlet üniversiteleri arasında ilk sıralarda yer almaktadır. Gebze Teknik Üniversitesi, Dünya standartlarında lisans ve lisansüstü seviyede eğitim vermeyi, temel ve uygulamalı bilimsel ve teknolojik araştırmalar yapmayı ve bunları saygın uluslararası dergi ve kitaplarda yayınlamayı temel varlık sebebi olarak kabul etmiştir.', 'Gebze Teknik Üniversitesi Rektörlüğü, P.K: 141 41400 Gebze/KOCAELİ', '40.8090281', '29.3643128', 'Devlet'),
	(6, 'İhsan Doğramacı Bilkent Üniversitesi', 'İhsan Doğramacı Bilkent Üniversitesi 1984’te Türkiye’nin ilk vakıf üniversitesi olarak Ankara’da kurulmuş,1986’da tüm bilimler, teknoloji ve sanatı kapsayan bir öğrenme ve ilerleme ortamı oluşturarak, insanlığa hizmet etmek ve dünya barışını geliştirme misyonuyla eğitime başlamıştır. Bilkent Üniversitesi\'nin yerleşkesi kent merkezine 12 km. mesafede ve 5.000 dönümlük bir alan üzerinde konumlanmıştır. 13.000 öğrencinin öğrenim gördüğü 9 fakültesi ve 2 yüksekokulu bünyesindeki 29 lisans ve 51 lisansüstü programında 1000 kadar akademik personel çalışmalarını yürütmektedir.', 'Bilkent Üniversitesi, 06800 Bilkent/Ankara/TÜRKİYE', '39.8746147', '32.7454075', 'Vakıf'),
	(7, 'Gazi Üniversitesi', 'Gazi Üniversitesi, Cumhuriyet tarihinin ilk üniversitesi olarak 1926 yılında Ankara\'da devlet üniversitesi olarak, bilim ve teknolojiden sanat ve spora kadar uzanan geniş bir yelpazede özgün araştırmaları, üst düzey eğitimi, yaratıcı faaliyetleri ve topluma hizmeti ile ulusal ve uluslararası düzeyde saygın ve lider bir üniversite olma vizyonuyla kuruldu. Rektörlük binasının bulunduğu Merkez Yerleşkesi ile beraber Beşevler, Emek, Maltepe, Gölbaşı, Çubuk, Ostim ve Polatlı olmak üzere toplam 8 yerleşkesi bulunan, 77 bin öğrencinin öğrenim gördüğü üniversite 21 fakültesi, 4 yüksekokulu, 1 Türk Müziği Devlet Konservatuvarı, 11 meslek yüksekokulu, 48 araştırma merkezi ve 7 enstitüsü bünyesinde çalışan 4000 akademik personeli ile Gazi Üniversitesi adını aldığı Gazi Mustafa Kemal Atatürk\'e yaraşır bir yüksek öğretim kurumu olma iddiasını devam ettirmektedir.', 'Gazi Üniversitesi Rektörlüğü, 06500 Teknikokullar ANKARA', '39.942758', '32.8229505', 'Devlet'),
	(8, 'İstanbul Teknik Üniversitesi', 'İstanbul Teknik Üniversitesi (İTÜ), 1773 yılında Mühendishane-i Bahrî-i Hümâyûn adıyla İstanbul\'da kurulmuş devlet üniversitesidir. İTÜ\'de Ayazağa, Gümüşsuyu, Maçka, Taşkışla ve Tuzla olmak üzere 5 kampüste, bilim, teknoloji ve sanatta, uzmanlığı ile uluslararası, lider bir üniversite olma vizyonuyla 13 fakültede 39 lisans programı ve 6 enstitüde yüksek lisans ve doktora programlarında eğitim verilmektedir. 2.093 akademik personelin görev yaptığı üniversitede 360 laboratuvar ve 13 araştırma merkezi bulunmaktadır. 23 akredite mühendislik programı ile dünyanın en fazla ABET Akreditasyonuna sahip üniversitesi olan İTÜ\'de 32.307 öğrenim görmektedir.', 'İTÜ Ayazağa Kampüsü, Rektörlük Binası, 34469 Maslak-İSTANBUL', '41.102461', '29.019993', 'Devlet'),
	(9, 'Ege Üniversitesi', 'Ege Üniversitesi, 20 Mayıs 1955 tarihinde yayınlanan 6595 sayılı kanunla 9 Mart 1956 tarihinde, İzmir\'de Türkiye\'nin 4. üniversitesi olarak eğitim-öğretim hayatına başlamıştır.[3]', 'Ege Üniversitesi Kampüsü 35100, Bornova-İZMİR', '38.4559412', '27.2288668', 'Devlet'),
	(10, 'Koç Üniversitesi', 'Koç Üniversitesi 1993 yılında Türkiye\'de uluslararası nitelikte, yaratıcı, bağımsız ve objektif düşünebilen, liderlik vasıflarına sahip en yetkin mezunları yetiştirmek; bilimin sınırlarını ilerletme ve örnek bir öğretim ve araştırma kurumu olarak Türkiye ve insanlığa hizmet etme misyonuyla İstanbul\'da eğitime başlamış olan bir vakıf üniversitesidir. Koç Üniversitesi\'nin ana kampüsü Rumelifeneri, Sarıyer’dedir. Üniversite’nin ayrıca Zekeriyaköy’de Batı Kampüsü, İstinye’de İstinye Kampüsü, Beyoğlu\'nda ANAMED ve Nişantaşı’nda Hemşirelik Yüksekokulu bulunmaktadır. 5347 öğrencinin öğrenim gördüğü üniversitenin 6 fakülte, 1 yüksekokul, 4 enstitü, 3 araştırma forumu, 17 araştırma merkezinde 486 akademik personel bulunmaktadır.', 'Rumelifeneri Yolu 34450 Sarıyer, İstanbul / Türkiye', '41.205231', '29.071898', 'Vakıf'),
	(11, 'Sabancı Üniversitesi', '1999 yılında katılımcı farklılığa saygılı, özgürlükçü bir kurum kültürü içinde, tüm paydaşlarımızın gereksinimlerine duyarlı, yenilikçi, disiplinler arası bir eğitim altyapısı ile, öncülüğe yol açan özgün bilginin yaratılmasını ve yayılmasını sağlayan, araştırma ve eğitim alanındaki yaratıcılığı ile uluslararası bir referans noktası olma vizyonuyla İstanbul’da eğitime başlayan Sabancı Üniversitesi, Mühendislik ve Doğa Bilimleri, Sanat ve Sosyal Bilimler ve Yönetim Bilimleri Fakülteleri altında 13 lisans ve 54 lisansüstü programıyla eğitim veren Türkiye\'nin ilk bölümsüz vakıf üniversitesidir. Tuzla Kampüsü\'nün merkez yerleşke olduğu üniversitede 4097 öğrenci öğrenim görmekte 388 akademik personel de görev almaktadır. Sabancı Üniversitesi Times Higher Education\'ın "Dünya 50 Yaşın Altındaki En İyi 100 Üniversite-2015" listesinde Türkiye\'de 1., dünyada 13. olmuştur. Bilim Sanayi ve Teknoloji Bakanlığı\'nın açıkladığı "Girişimci ve Yenilikçi Üniversite Endeksi 2015" sıralamasında da 1. seçilmiştir. İstanbul Politikalar Merkezi, Sakıp Sabancı Müzesi ve Nanoteknoloji Araştırma ve Uygulama Merkezi (SUNUM) Sabancı Üniversitesi bünyesinde bulunmaktadır. ***Sabancı Üniversitesi\'nde bölüm yapılanması olmadığı için programlar fakülte adı altında verilmiştir.', 'Sabancı Üniversitesi, Orta Mahalle, Üniversite Caddesi No:27 Tuzla, 34956 İstanbul', '40.8894319', '29.3758033', 'Vakıf'),
	(12, 'Atatürk Üniversitesi', 'Atatürk Üniversitesi 7 Haziran 1957 tarihinde “verdiği eğitimin, ürettiği bilgive teknolojinin, sunduğu hizmetlerin dünyada öncelikli olarak talep edildiği bir üniversite olma vizyonuyla Erzurum\'da kurulmuş bir devlet üniversitesidir. Bölgesel ve ulusal düzeyde sürdürülebilir kalkınmaya katkıda bulunabilen, analiz ve sentez yapabilen, öğrendiğini uygulayabilen, sonuçlarını değerlendirebilen; iletişim, takım çalışması ve liderlik becerilerine sahip mezunları ve sorun çözebilen, uluslar arası düzeyde bilgi ve teknoloji üreten, öğretme ve öğrenme coşkusuna sahip çalışanları ile ürettiği bilgi ve hizmeti toplumun yararına sunmayı misyon edinmiş 155.561 öğrenim gördüğü üniversitenin, merkez kampüsü ve ilçelerindeki yüksekokullarında bulunan 22 fakülte, 7 enstitü, 2 yüksekokul, 12 meslek yüksekokulu ve 20 araştırma merkezinde 2621 akademik personel akademik çalışmalarını sürdürmektedir.', 'Atatürk Üniversitesi Kampüsü, 25030, Türkiye', '39.9014536', '41.2461806', 'Devlet'),
	(13, 'Erciyes Üniversitesi', 'Erciyes Üniversitesi 1978 yılında Kayseri\'de devlet üniversitesi statüsünde bilimsel çalışmalara, bilgi ve teknoloji üretimine ve sosyal, kültürel, sanat ile spor alanlarına katkı sağlayan; uluslararası nitelikte öğrenci ve öğretim elemanı yapısına sahip; bünyesinde Türkiye’de önde gelen ve Dünya\'da saygın araştırma merkezleri bulunduran; yerel, evrensel ve etik değerlere sahip öncü bir üniversite olma vizyonuyla Kayseri\'de kurulmuştur. Kayseri Merkez Kampüsü, Seyrani, Tomarza olmak üzere 3 yerleşkesi bulunan üniversitenin bünyesinde 18 fakülte, 3 yüksekokul, 9 meslek yüksekokulu, 7 enstitü, 6 bölüm, 38 araştırma merkezi faaliyet göstermektedir. Üniversitede, 2014 - 2015 öğretim yılı itibariyle 2300\'e yakın akademik personel görev yapmakta olup yaklaşık 50.000 öğrenci de eğitim almaktadır.', 'Barbaros, Erciyes Ünv. Sümer Kampüsü, 38030 Kocasinan/Kayseri, Türkiye', '38.7062846', '35.5229721', 'Devlet'),
	(14, 'Boğaziçi Üniversitesi', 'Boğaziçi Üniversitesi, Amerika Birleşik Devletleri sınırları dışında kurulan ilk yükseköğretim kurumu olan Robert Kolej adıyla 1863 yılında kurulmuştur. 1971 yılında ise Boğaziçi Üniversitesi’ne dönüşerek Kolej’in eğitim geleneğini ve öğretim dili olarak da İngilizceyi koruyarak seçkin bir Türk kamu araştırma üniversitesi haline gelmiştir. O zamandan beri hem lisans ve hem de lisansüstü programlarını genişleten ve bünyesine yeni kampüsler ekleyen Boğaziçi Üniversitesi, şu anda temel ve sosyal bilimler, mühendislik, eğitim ve uygulamalı bilim dallarında üstün lisans ve lisansüstü programları ile Türkiye\'nin önde gelen üniversitelerinden biridir. Dünya standartlarında sağladığı öğretim kalitesiyle, birinci sınıf laboratuvarları ve araştırma merkezleri ve nefes kesen kampüsüyle Türkiye\'nin ve bölge ülkeleri öğrencilerinin en çok tercih ettiği üniversite olmuştur. 3800’den fazlası lisansüstü öğrenci olmak üzere toplam öğrenci sayısı 15.000’e ulaşmıştır. Boğaziçi Üniversitesi, 32 ayrı akademik bölümü, altı lisansüstü enstitüsü ve 19 araştırma merkezi ile geniş bir yelpazede tüm disiplinleri kapsayan, yüksek etkili araştırmalar sürdürmektedir. Üniversitenin bu araştırma faaliyetleri için ulusal ve uluslararası araştırma fonu kuruluşlarının yanı sıra sanayiden de araştırma fonu desteği sağlanmaktadır. Dünya çapında önde gelen akademik kurumlarla yaptığı ortaklıklar neticesinde ise üniversitenin araştırmacı kimliği önemli oranda güçlenmiştir.', 'Bebek, 34342 Beşiktaş/İstanbul, Türkiye', '41.0847571', '29.0488512', 'Devlet'),
	(15, 'Selçuk Üniversitesi', 'Selçuk Üniversitesi 1975 yılında Dünya çapında üniversite olmayı amaçlayan, öğrencilerin tercih ettiği ve mezunları tercih edilen, sürekli değişimi hedefleyen bir üniversite olma amacıyla Konya\'da devlet üniversitesi statüsünde kurulmuştur. Üniversitenin merkez yerleşkesi Konya\'nın Selçuklu ilçesinde bulunan Alaeddin Keykubat Kampüsü\'dür. 79.395 öğrencinin öğrenim gördüğü üniversitenin bünyesinde bulunan 23 fakülte, 6 enstitü, 5 yüksekokulda 2 bin 683 akademik personel görev almaktadır.', 'Ardıçlı, Maraşal Fevzi Çakmak Mah., 42250 Selçuklu/Konya, Türkiye', '38.0227823', '32.5104601', 'Devlet'),
	(16, 'Marmara Üniversitesi', '16 Ocak 1883 tarihinde Hamidiye Ticaret Mekteb-i Âlisi ismi altında eğitime başlayan Marmara Üniversitesi, 1982 yılında gerçekleştirilen düzenlemelerle, eğitim, bilim, teknoloji, sanat ve sporda öncü bir üniversite olma vizyonuyla İstanbul\'da devlet üniversitesi statüsünde kurulmuştur. Marmara Üniversitesi\'nin merkez kampüsü Göztepe Kampüsü\'dür. Bunun dışında üniversite Haydarpaşa Bahçelievler, Bağlarbaşı, Kartal, Beyazıt, Anadolu Hisarı, Nişantaşı, Acıbadem, Sultanahmet, Başıbüyük Sağlık, Şişli Kampüsler\'nde konumlanmıştır.70.000 öğrencinin öğrenim gördüğü üniversitenin 16 fakülte, 11 enstitü, 5 yüksekokul, 4 meslek yüksekokulu ve 19 araştırma ve uygulama merkezinde 3.000’e yakın öğretim elemanı görev almaktadır.', 'Eğitim, 34722 Kadıköy/İstanbul, Türkiye', '40.9850209', '29.0525106', 'Devlet'),
	(17, 'Dokuz Eylül Üniversitesi', 'Dokuz Eylül Üniversitesi 20 Temmuz 1982`de İzmir il sınırları içerisinde kurulmuştur. Rektörlük yerleşkesinin Alsancak’ta bulunduğu üniversitenin İnciraltı, Tınaztepe, Dokuzçeşmeler yerleşkesi ile toplamda 4 yerleşkesi bulunmaktadır. Üniversite bünyesinde bulunan 14 Fakülte, 4 Yüksekokul, 7 Meslek Yüksekokulu, 1 Konservatuvar, 10 Enstitü ve 54 Uygulama ve Araştırma Merkezi\'nde 3.324 akademik personel çalışmalarını yürütmekte, 62.663 öğrenci de öğrenim görmektedir.', 'DOKUZ EYLÜL ÜNİVERSİTESİ REKTÖRLÜĞÜ Cumhuriyet Bulvarı No: 144 35210 Alsancak / İZMİR', '38.4308493', '27.1347898', 'Devlet'),
	(18, 'Yıldız Teknik Üniversitesi', 'Yıldız Teknik Üniversitesi, 1911 yılında eğitim, araştırma ve kültür ortamı ile tercih edilen bir dünya üniversitesi olma vizyonuyla İstanbul’da kurulmuş bir vakıf üniversitesidir. Üniversitenin merkez yerleşkesi, Yıldız Yerleşkesi\'dir. Bunun dışında üniversite Davutpaşa ve Ayazağa Kampüsleri\'nde de faaliyet göstermektedir. 34179 öğrencinin öğrenim gördüğü üniversitenin 10 fakülte, 2 enstitü, 2 meslek yüksekokulu ve yabancı diller yüksekokulunda 1756 öğrenci öğrenim görmektedir.', 'Çifte Havuzlar, YTÜ-Davutpaşa Kampüsü, 34220 Esenler/İstanbul, Türkiye', '41.0260743', '28.8856784', 'Devlet'),
	(19, 'Çukurova Üniversitesi', 'Çukurova Üniversitesi Ankara ve Atatürk Üniversitelerine bağlı olarak 30.11.1973 tarihinde Adana’da kurulmuştur. Seyhan gölü kıyısındaki Balcalı Kampüsü’nde eğitim-öğretim veren üniversite bünyesinde 17 fakülte, 4 yüksekokul, 12 meslek yüksekokulu, 1 devlet konservatuvarı, 3 enstitü ve 32 araştırma ve uygulama merkezi bulunmaktadır. Bu birimlerde 2186 akademik personel, 49.711 öğrencinin eğitim ve öğretiminde görev almaktadır.', 'Çukurova Üniversitesi Rektörlüğü 01330 Balcalı, Sarıçam / ADANA', '37.059684', '35.3532253', 'Devlet'),
	(20, 'İzmir Yüksek Teknoloji Üniversitesi', 'İzmir Yüksek Teknoloji Enstitüsü 11 Temmuz 1992 tarihinde özellikle teknolojik alanda üst düzeyde eğitim, öğretim ve araştırma yapma temel amacı ile Türkiye\'nin teknoloji üssü sloganıyla kurulmuş bir devlet üniversitesidir. İYTE\'nin yerleşkesi İzmir\'in Urla ilçesinde konumlanmıştır. 4073 öğrencinin öğrenim gördüğü 3 fakülte, 1 enstitü, 1 yüksekokul ve 5 araştırma merkezinde 534 akademik personel ile 384 idari personel görev almaktadır.', 'Gülbahçe, 35430 Urla/İzmir, Türkiye', '38.3214324', '26.6393728', 'Devlet');
/*!40000 ALTER TABLE `uni_info` ENABLE KEYS */;


-- tablo yapısı dökülüyor university.uni__campus_faculty
CREATE TABLE IF NOT EXISTS `uni__campus_faculty` (
  `ID` int(11) DEFAULT NULL,
  `Cam_ID` int(11) DEFAULT NULL,
  `Uni_Faculty_Name` varchar(255) COLLATE utf8_turkish_ci DEFAULT NULL
) ENGINE=InnoDB DEFAULT CHARSET=utf8 COLLATE=utf8_turkish_ci;

-- university.uni__campus_faculty: ~371 rows (yaklaşık) tablosu için veriler indiriliyor
/*!40000 ALTER TABLE `uni__campus_faculty` DISABLE KEYS */;
INSERT INTO `uni__campus_faculty` (`ID`, `Cam_ID`, `Uni_Faculty_Name`) VALUES
	(1, 1, 'Mimarlık Fakültesi'),
	(2, 1, 'Fen Edebiyat Fakültesi'),
	(3, 1, 'İktisadi ve İdari Bilimler Fakültesi'),
	(4, 1, 'Eğitim Fakültesi'),
	(5, 1, 'Mühendislik Fakültesi'),
	(6, 1, 'Yabancı Diller Yüksekokulu'),
	(7, 1, 'Enstitüler'),
	(8, 1, 'Rektörlüğe Bağlı Bölümler'),
	(9, 1, 'Meslek Yüksekokulu'),
	(10, 2, 'İktisadi ve İdari Bilimler Fakültesi'),
	(11, 2, 'Mühendislik Fakültesi'),
	(12, 2, 'Eğitim Fakültesi'),
	(13, 3, 'Edebiyat Fakültesi'),
	(14, 3, 'Eğitim Fakültesi'),
	(15, 3, 'Fen Fakültesi'),
	(16, 3, 'Güzel Sanatlar Fakültesi'),
	(17, 3, 'Hukuk Fakültesi'),
	(18, 3, 'İktisadi ve İdari Bilimler Fakültesi'),
	(19, 3, 'İletişim Fakültesi'),
	(20, 3, 'Mühendislik Fakültesi'),
	(21, 4, 'Diş Hekimliği Fakültesi'),
	(22, 4, 'Eczacılık Fakültesi'),
	(23, 4, 'Hemşirelik Fakültesi'),
	(24, 4, 'Sağlık Bilimleri Fakültesi'),
	(25, 4, 'Tıp Fakültesi'),
	(26, 4, 'Spor Bilimleri Fakültesi'),
	(27, 5, 'Hacettepe Üniversitesi Ankara Devlet Konservatuvarı'),
	(28, 6, 'Teknik Bilimler Meslek Yüksekokulu'),
	(29, 7, 'Devlet Konservatuarı'),
	(30, 8, 'Çapa Tıp Fakültesi'),
	(31, 8, 'Dişhekimliği Fakültesi'),
	(32, 9, 'Mühendislik Fakültesi'),
	(33, 9, 'Veteriner Fakültesi'),
	(34, 9, 'İşletme Fakültesi'),
	(35, 9, 'Ulaştırma ve Lojistik Meslek Yüksekokulu'),
	(36, 9, 'Beden Eğitimi ve Spor Meslek Yüksekokulu'),
	(37, 9, 'Teknik Bilimler Meslek Yüksekokulu'),
	(38, 9, 'Veteriner Fakültesi Meslek Yüksekokulu'),
	(39, 10, 'Orman Fakültesi'),
	(40, 10, 'Ormancılık Meslek Yüksekokulu'),
	(41, 11, 'Edebiyat Fakültesi'),
	(42, 11, 'Fen Fakültesi'),
	(43, 11, 'Su Ürünleri Fakültesi'),
	(44, 12, 'Hukuk Fakültesi'),
	(45, 12, 'İktisat Fakültesi'),
	(46, 12, 'Siyasal Bilgiler Fakültesi'),
	(47, 12, 'Eczacılık Fakültesi'),
	(48, 12, 'İletişim Fakültesi'),
	(49, 12, 'Hasan Ali Yücel Eğitim Fakültesi'),
	(50, 12, 'Açık ve Uzaktan Eğitim Fakültesi'),
	(51, 12, 'Sosyal Bilimler Meslek Yüksekokulu'),
	(52, 12, 'Adalet Meslek Yüksekokulu'),
	(53, 12, 'Yabancı Diller Bölümü'),
	(54, 13, 'Elmadağ Meslek Yüksekokulu'),
	(55, 14, 'Ziraat Fakültesi'),
	(56, 15, 'GAMA Meslek Yüksekokulu'),
	(57, 15, 'Sağlık Bilimleri Meslek Yüksekokulu'),
	(58, 16, 'Haymana Meslek Yüksekokulu'),
	(59, 17, 'Hukuk Fakültesi'),
	(60, 17, 'Hepatoloji Enstitüsü'),
	(61, 18, 'Yabncı Diller Yüksekokulu'),
	(62, 19, 'Gazi Üniversitesi Tıp Fakültesi'),
	(63, 19, 'İlahiyat Fakültesi'),
	(64, 19, 'İktisadi ve İdari Bilimler Fakültesi'),
	(65, 19, 'Hukuk Fakültesi'),
	(66, 19, 'Fen Fakültesi'),
	(67, 19, 'Mühendislik Fakültesi'),
	(68, 19, 'Eczacılık Fakültesi'),
	(69, 20, 'Mühendislik Fakültesi'),
	(70, 20, 'Temel Bilimler Fakültesi'),
	(71, 20, 'Mimarlık Fakültesi'),
	(72, 21, 'Eğitim Fakültesi'),
	(73, 21, 'Fem Fakültesi'),
	(74, 21, 'Güzel Sanatlar, Tasarım ve Mimarlık Fakültesi'),
	(75, 21, 'İktisadi, İdari ve Sosyal Bilimler Fakültesi'),
	(76, 21, 'İnsani Bilimler ve Edebiyat Fakültesi'),
	(77, 21, 'İşletme Fakültesi'),
	(78, 21, 'Hukuk Fakültesi'),
	(79, 21, 'Mühendislik Fakültesi'),
	(80, 21, 'Müzik ve Sahne Sanatları Fakültesi'),
	(81, 22, 'Eczacılık Fakültesi'),
	(82, 22, 'Edebiyat Fakültesi'),
	(83, 22, 'Fen Fakültesi'),
	(84, 22, 'Gazi Eğitim Fakültesi'),
	(85, 22, 'Teknik Eğitim Fakültesi'),
	(86, 22, 'Teknoloji Fakültesi'),
	(87, 22, 'Enstitüler'),
	(88, 22, 'Beden Eğitimi ve Spor Yüksekokulu'),
	(89, 23, 'Hukuk Fakültesi'),
	(90, 23, 'İktisadi ve İdari Bilimler Fakültesi'),
	(91, 23, 'Sosyal Bilimler Enstitüsü'),
	(92, 23, 'Mesleki Eğitim Fakültesi'),
	(93, 23, 'Bankacılık ve Sigortacılık Yüksekokulu'),
	(94, 23, 'Maliye Meslek Yüksekokulu'),
	(95, 23, 'Ankara Meslek Yüksekokulu'),
	(96, 24, 'Diş Hekimliği Fakültesi'),
	(97, 24, 'İletişim Fakültesi'),
	(98, 24, 'Sağlık Bilimleri Enstitüsü'),
	(99, 24, 'Mesleki Eğitim Fakültesi'),
	(100, 24, 'Güzel Sanatlar Enstitüsü'),
	(101, 25, 'Ensdüstriyel Sanatlar Eğitim Fakültesi'),
	(102, 25, 'Sanat ve Tasarım Fakültesi'),
	(103, 25, 'Güzel Sanatlar Fakültesi'),
	(104, 25, 'Ticaret ve Turizm Eğitim Fakültesi'),
	(105, 25, 'Turizm Fakültesi'),
	(106, 25, 'Yabancı Diller Yüksekokulu'),
	(107, 25, 'Sağlık Hizmetleri Meslek Yüksekokulu'),
	(108, 26, 'Atatürk Meslek Yüksekokulu'),
	(109, 26, 'Gazi Meslek Yüksekokulu'),
	(110, 27, 'Ostim Meslek Yüksekokulu'),
	(111, 28, 'Polatlı Fen Edebiyat Fakültesi'),
	(112, 28, 'Polatlı Teknik Bilimler Meslek Yüksekokulu'),
	(113, 29, 'Mühendislik Fakültesi'),
	(114, 29, 'Mimarlık Fakültesi'),
	(115, 30, 'Bilgisayar ve Bilişim Fakültesi'),
	(116, 30, 'Elektrik-Elektronik Fakültesi'),
	(117, 30, 'Gemi İnşaatı ve Deniz Bilimleri Fakültesi'),
	(118, 30, 'İnşaat Fakültesi'),
	(119, 30, 'Kimya-Metalürji Fakültesi'),
	(120, 30, 'Maden Fakültesi'),
	(121, 30, 'Uçak ve Uzay Bilimleri Fakültesi'),
	(122, 30, 'Beden Eğitimi Bölümü'),
	(123, 31, 'Makina Fakültesi'),
	(124, 31, 'Tekstil Teknolojileri ve Tasarımı Fakültesi'),
	(125, 32, 'Mimarlık Fakültesi'),
	(126, 32, 'Güzel Sanatlar Bölümü'),
	(127, 33, 'İşletme Fakültesi'),
	(128, 33, 'Yabancı Diller Yüksekokulu'),
	(129, 33, 'Türk Musikisi Devlet Konservatuarı'),
	(130, 34, 'Denizcilik Fakültesi'),
	(131, 36, 'Diş Hekimliği Fakültesi'),
	(132, 36, 'Eczacılık Fakültesi'),
	(133, 36, 'Edebiyat Fakültesi'),
	(134, 36, 'Eğitim Fakültesi'),
	(135, 36, 'Güzel Sanatlar, Tasarım ve Mimarlık Fakültesi'),
	(136, 36, 'Fen Fakültesi'),
	(137, 36, 'Hemşirelik Fakültesi'),
	(138, 36, 'İktisadi ve İdari Bilimler Fakültesi'),
	(139, 36, 'İletişim Fakültesi'),
	(140, 36, 'Mühendislik Fakültesi'),
	(141, 36, 'Sağlık Bilimleri Fakültesi'),
	(142, 36, 'Spor Bilimleri Fakültesi'),
	(143, 36, 'Su Ürünleri Fakültesi'),
	(144, 36, 'Tıp Fakültesi'),
	(145, 36, 'Ziraat Fakültesi'),
	(146, 37, 'Koç Universitesi Hastanesi'),
	(147, 38, 'İşletme Enstitüsü'),
	(148, 39, 'İktisadi ve İdari Bilimler Fakültesi'),
	(149, 39, 'İnsani Bilimler ve Edebiyat Fakültesi'),
	(150, 39, 'Hukuk Fakültesi'),
	(151, 39, 'Fen Fakültesi'),
	(152, 39, 'Mühendislik Fakültesi'),
	(153, 39, 'Tıp Fakültesi'),
	(154, 39, 'Hemşirelik Fakültesi'),
	(155, 40, 'Mühendislik ve Doğa Bilimleri Fakültesi'),
	(156, 40, 'Sanat ve Sosyal Bilimler Fakültesi'),
	(157, 40, 'Yönetim Bilimleri Fakültesi'),
	(158, 41, 'Açıköğretim Fakültesi'),
	(159, 41, 'Diş Hekimliği Fakültesi'),
	(160, 41, 'Eczacılık Fakültesi'),
	(161, 41, 'Edebiyat Fakültesi'),
	(162, 41, 'Fen Fakültesi'),
	(163, 41, 'Güzel Sanatlar Fakültesi'),
	(164, 41, 'Hukuk Fakültesi'),
	(165, 41, 'İktisadi ve İdari Bilimler Fakültesi'),
	(166, 41, 'İlahiyat Fakültesi'),
	(167, 41, 'İletişim Fakültesi'),
	(168, 41, 'Kazım Karabekir Eğitim Fakültesi'),
	(169, 41, 'Mimarlık ve Tasarım Fakültesi'),
	(170, 41, 'Mühendislik Fakültesi'),
	(171, 41, 'Oltu Beşeri ve Sosyal Bilimler Fakültesi'),
	(172, 41, 'Oltu Yer Bilimleri Fakültesi'),
	(173, 41, 'Sağlık Bilimleri Fakültesi'),
	(174, 41, 'Spor Bilimleri Fakültesi'),
	(175, 41, 'Su Ürünleri Fakültesi'),
	(176, 41, 'Tıp Fakültesi'),
	(177, 41, 'Turizm Fakültesi'),
	(178, 41, 'Veteriner Fakültesi'),
	(179, 41, 'Ziraat Fakültesi'),
	(180, 42, 'Tomarza Mustafa Akıncıoğlu Meslek Yüksekokulu'),
	(181, 43, 'Seyrani Ziraat Fakültesi'),
	(182, 44, 'Diş Hekimliği Fakültesi'),
	(183, 44, 'Eczacılık Fakültesi'),
	(184, 44, 'Edebiyat Fakültesi'),
	(185, 44, 'Eğitim Fakültesi'),
	(186, 44, 'Fen Fakültesi'),
	(187, 44, 'Güzel Sanatlar Fakültesi'),
	(188, 44, 'Havacılık ve Uzay Bilimleri Fakültesi'),
	(189, 44, 'Hukuk Fakültesi'),
	(190, 44, 'İktisadi Ve İdari Bilimler Fakültesi'),
	(191, 44, 'İlahiyat Fakültesi'),
	(192, 44, 'İletişim Fakültesi'),
	(193, 44, 'Mimarlık Fakültesi'),
	(194, 44, 'Mühendislik Fakültesi'),
	(195, 44, 'Sağlık Bilimleri Fakültesi'),
	(196, 44, 'Tıp Fakültesi'),
	(197, 44, 'Turizm Fakültesi'),
	(198, 44, 'Veteriner Fakültesi'),
	(199, 45, 'Mühendislik Fakültesi'),
	(200, 45, 'İktisadi ve İdari Bilimler Fakültesi'),
	(201, 45, 'Fen Edebiyat Fakültesi'),
	(202, 45, 'Yabancı Diller Yüksekokulu'),
	(203, 45, 'Eğitim Fakültesi'),
	(204, 47, 'Çevre Bilimleri Enstitüsü'),
	(205, 47, 'Uygulamalı Bilimler Yüksekokulu'),
	(206, 48, 'Deprem Mühendisliği Anabilim Dalı'),
	(207, 48, 'Jeodezi Anabilim Dalı'),
	(208, 48, 'Jeofizik Anabilim Dalı'),
	(209, 50, 'Diş Hekimliği Fakültesi'),
	(210, 50, 'Edebiyat Fakültesi'),
	(211, 50, 'Fen Fakültesi'),
	(212, 50, 'Güzel Sanatlar Fakültesi'),
	(213, 50, 'Hukuk Fakültesi'),
	(214, 50, 'İktisadi ve İdari Bilimler Fakültesi'),
	(215, 50, 'İletişim Fakültesi'),
	(216, 50, 'Mesleki Eğitim Fakültesi'),
	(217, 50, 'Mühendsilk Fakültesi'),
	(218, 50, 'Mimarlık Fakültesi'),
	(219, 50, 'Sağlık Bilimleri Fakültesi'),
	(220, 50, 'Tıp Fakültesi'),
	(221, 50, 'Teknik Eğitim Fakültesi'),
	(222, 50, 'Veteriner Fakültesi'),
	(223, 50, 'Ziraat Fakültesi'),
	(224, 50, 'Sanat ve Tasarım Fakültesi'),
	(225, 50, 'Teknoloji Fakültesi'),
	(226, 50, 'Turizm Fakültesi'),
	(227, 51, 'Tıp Fakültesi'),
	(228, 51, 'Diş Hekimliği Fakültesi'),
	(229, 51, 'Gastroenteroloji Enstitüsü ve Nörolojik Bilimler Enstitüsü'),
	(230, 52, 'Orta Doğu Araştırmaları Enstitüsü'),
	(231, 53, 'Güzel Sanatlar Fakültesi'),
	(232, 54, 'İletişim Fakültesi'),
	(233, 54, 'Sağlık Hizmetleri Meslek Yüksekokulu'),
	(234, 55, 'Siyasal Bilgiler Fakültesi'),
	(235, 55, 'Spor Bilimleri Fakültesi'),
	(236, 55, 'Sosyal Bilimler Meslek Yüksekokulu'),
	(237, 57, 'Sağlık Bilimleri Fakültesi'),
	(238, 58, 'İlâhiyat Fakültesi'),
	(239, 59, 'İşletme Fakültesi'),
	(240, 60, 'Adalet Meslek Yüksekokulu'),
	(241, 60, 'Eczacılık Fakültesi'),
	(242, 60, ' Hukuk Fakültesi'),
	(243, 61, 'Atatürk Eğitim Fakültesi'),
	(244, 61, 'Fen-Edebiyat Fakültesi'),
	(245, 61, 'Mühendislik Fakültesi'),
	(246, 61, 'İktisat Fakültesi'),
	(247, 61, 'Teknik Eğitim Fakültesi'),
	(248, 61, 'Teknoloji Fakültesi'),
	(249, 61, 'Bankacılık ve Sigortacılık Yüksekokulu'),
	(250, 61, 'Takı Teknolojisi ve Tasarımı Yüksekokulu'),
	(251, 61, 'Yabancı Diller Yüksekokulu'),
	(252, 61, 'Teknik Bilimler Meslek Yüksekokulu'),
	(253, 62, 'Mimarlık Fakültesi'),
	(254, 63, 'Tıp Fakültesi'),
	(255, 63, 'Fizik Tedavi ve Rehabilitasyon Yüksekokulu'),
	(256, 63, 'Hemşirelik Fakültesi'),
	(257, 63, 'Sağlık Hizmetleri Meslek Yüksekokulu'),
	(258, 64, 'Mühendislik Fakültesi'),
	(259, 64, 'Fen Bilimleri Enstitüsü'),
	(260, 65, 'İktisadi  ve İdari Bilimler Fakültesi'),
	(261, 65, 'Hukuk Fakültesi'),
	(262, 65, 'Adalet Yüksekokulu'),
	(263, 65, 'Buca Eğitim Fakültesi'),
	(264, 65, 'İzmir Meslek Yüksekokulu'),
	(265, 66, 'Fen Fakültesi'),
	(267, 66, 'İşletme Fakültesi'),
	(268, 66, 'Mühendislik Fakültesi'),
	(269, 67, 'İlahiyat Fakültesi'),
	(270, 68, 'Güzel Sanatlar Fakültesi'),
	(271, 68, 'Devlet Konservatuvarı'),
	(272, 69, 'Torbalı Meslek Yüksekokulu'),
	(273, 70, 'Deniz Bilimleri ve Teknoloji Enstitüsü'),
	(274, 71, 'Denizcilik Fakültesi'),
	(275, 72, 'Yıldız Teknik Üniversitesi Meslek Yüksekokulu'),
	(276, 73, 'Kimya-Metalurji Fakültesi'),
	(277, 73, 'Fen Edebiyat Fakültesi'),
	(278, 73, 'Yabancı Diller Meslek Yüksekokulu'),
	(279, 73, 'İnşaat Fakültesi'),
	(280, 73, 'Elektrik Elektronik Fakültesi'),
	(281, 73, 'Eğitim Fakültesi'),
	(282, 73, 'Sanat ve Tasarım Fakültesi'),
	(283, 74, 'Makine Fakültesi'),
	(284, 74, 'Mimarlık Fakültesi'),
	(285, 74, 'İktisadi ve İdari Bilimler Fakültesi'),
	(286, 74, 'Gemi İnşaatı ve Denizcilik Fakültesi'),
	(287, 75, 'Diş Hekimliği Fakültesi'),
	(288, 75, 'Fen-Edebiyat Fakültesi'),
	(289, 75, 'Eğitim Fakültesi'),
	(290, 75, 'Güzel Sanatlar Fakültesi'),
	(291, 75, 'İktisadi ve İdari Bilimler Fakültesi'),
	(292, 75, 'İlahiyat Fakültesi'),
	(293, 75, 'Mühendislik- Mimarlık Fakültesi'),
	(294, 75, 'Su Ürünleri Fakültesi'),
	(295, 75, 'Tıp Fakültesi'),
	(296, 75, 'Ziraat Fakültesi'),
	(297, 75, 'Kozan İşletme Fakültesi'),
	(298, 75, 'İletişim Fakültesi'),
	(299, 75, 'Eczacılık Fakültesi'),
	(300, 75, 'Ceyhan Veteriner Fakültesi'),
	(301, 75, 'Sağlık Bilimleri Fakültesi'),
	(302, 76, 'Fen Fakültesi'),
	(303, 76, 'Mühendislik Fakültesi'),
	(304, 76, 'Mimarlık Fakültesi'),
	(305, 76, 'Yabancı Diller Yüksekokulu'),
	(305, NULL, NULL),
	(306, NULL, NULL),
	(307, NULL, NULL),
	(308, NULL, NULL),
	(309, NULL, NULL),
	(310, NULL, NULL),
	(311, NULL, NULL),
	(312, NULL, NULL),
	(313, NULL, NULL),
	(314, NULL, NULL),
	(315, NULL, NULL),
	(316, NULL, NULL),
	(317, NULL, NULL),
	(318, NULL, NULL),
	(319, NULL, NULL),
	(320, NULL, NULL),
	(266, 66, 'Edebiyat Fakültesi');
/*!40000 ALTER TABLE `uni__campus_faculty` ENABLE KEYS */;
/*!40101 SET SQL_MODE=IFNULL(@OLD_SQL_MODE, '') */;
/*!40014 SET FOREIGN_KEY_CHECKS=IF(@OLD_FOREIGN_KEY_CHECKS IS NULL, 1, @OLD_FOREIGN_KEY_CHECKS) */;
/*!40101 SET CHARACTER_SET_CLIENT=@OLD_CHARACTER_SET_CLIENT */;
